0 14 114688 
1 14 114688 
2 14 114688 
3 14 114688 
4 14 114688 
5 14 114688 
6 14 114688 
7 14 114688 
8 14 114688 
9 14 114688 
10 14 114688 
11 14 114688 
12 14 114688 
13 14 114688 
14 15 802816 
14 16 802816 
14 17 802816 
14 18 802816 
14 19 802816 
14 20 802816 
14 21 802816 
14 22 802816 
14 23 802816 
14 24 802816 
14 25 802816 
14 26 802816 
14 27 802816 
14 28 802816 
14 29 802816 
14 30 802816 
14 31 802816 
14 32 802816 
14 33 802816 
14 34 802816 
14 35 802816 
14 36 802816 
14 37 802816 
14 38 133800 
15 38 133800 
16 38 133800 
17 38 133800 
18 38 133800 
19 38 133800 
20 38 133800 
21 38 133800 
22 38 133800 
23 38 133800 
24 38 133800 
25 38 133800 
26 38 133800 
27 38 133800 
28 38 133800 
29 38 133800 
30 38 133800 
31 38 133800 
32 38 133800 
33 38 133800 
34 38 133800 
35 38 133800 
36 38 133800 
37 38 133800 
38 39 802816 
38 40 802816 
38 41 802816 
38 42 802816 
38 43 802816 
38 44 802816 
38 45 802816 
38 46 802816 
38 47 802816 
38 48 802816 
38 49 802816 
38 50 802816 
38 51 802816 
38 52 802816 
38 53 802816 
38 54 802816 
38 55 802816 
38 56 802816 
38 57 802816 
38 58 802816 
38 59 802816 
38 60 802816 
38 61 802816 
38 62 133800 
39 62 133800 
40 62 133800 
41 62 133800 
42 62 133800 
43 62 133800 
44 62 133800 
45 62 133800 
46 62 133800 
47 62 133800 
48 62 133800 
49 62 133800 
50 62 133800 
51 62 133800 
52 62 133800 
53 62 133800 
54 62 133800 
55 62 133800 
56 62 133800 
57 62 133800 
58 62 133800 
59 62 133800 
60 62 133800 
61 62 133800 
62 63 802816 
62 64 802816 
62 65 802816 
62 66 802816 
62 67 802816 
62 68 802816 
62 69 802816 
62 70 802816 
62 71 802816 
62 72 802816 
62 73 802816 
62 74 802816 
62 75 802816 
62 76 802816 
62 77 802816 
62 78 802816 
62 79 802816 
62 80 802816 
62 81 802816 
62 82 802816 
62 83 802816 
62 84 802816 
62 85 802816 
62 86 133800 
63 86 133800 
64 86 133800 
65 86 133800 
66 86 133800 
67 86 133800 
68 86 133800 
69 86 133800 
70 86 133800 
71 86 133800 
72 86 133800 
73 86 133800 
74 86 133800 
75 86 133800 
76 86 133800 
77 86 133800 
78 86 133800 
79 86 133800 
80 86 133800 
81 86 133800 
82 86 133800 
83 86 133800 
84 86 133800 
85 86 133800 
86 87 802816 
86 88 802816 
86 89 802816 
86 90 802816 
86 91 802816 
86 92 802816 
86 93 802816 
86 94 802816 
86 95 802816 
86 96 802816 
86 97 802816 
86 98 802816 
86 99 802816 
86 100 802816 
86 101 802816 
86 102 802816 
86 103 802816 
86 104 802816 
86 105 802816 
86 106 802816 
86 107 802816 
86 108 802816 
86 109 802816 
86 110 133800 
87 110 133800 
88 110 133800 
89 110 133800 
90 110 133800 
91 110 133800 
92 110 133800 
93 110 133800 
94 110 133800 
95 110 133800 
96 110 133800 
97 110 133800 
98 110 133800 
99 110 133800 
100 110 133800 
101 110 133800 
102 110 133800 
103 110 133800 
104 110 133800 
105 110 133800 
106 110 133800 
107 110 133800 
108 110 133800 
109 110 133800 
110 111 802816 
110 112 802816 
110 113 802816 
110 114 802816 
110 115 802816 
110 116 802816 
110 117 802816 
110 118 802816 
110 119 802816 
110 120 802816 
110 121 802816 
110 122 802816 
110 123 802816 
110 124 802816 
110 125 802816 
110 126 802816 
110 127 802816 
110 128 802816 
110 129 802816 
110 130 802816 
110 131 802816 
110 132 802816 
110 133 802816 
110 134 802816 
110 135 802816 
110 136 802816 
110 137 802816 
110 138 802816 
110 139 802816 
110 140 802816 
110 141 802816 
110 142 802816 
110 143 802816 
110 144 802816 
110 145 802816 
110 146 802816 
110 147 802816 
110 148 802816 
110 149 802816 
110 150 802816 
110 151 802816 
110 152 802816 
110 153 802816 
110 154 802816 
110 155 802816 
110 156 802816 
110 157 802816 
110 158 33448 
111 158 33448 
112 158 33448 
113 158 33448 
114 158 33448 
115 158 33448 
116 158 33448 
117 158 33448 
118 158 33448 
119 158 33448 
120 158 33448 
121 158 33448 
122 158 33448 
123 158 33448 
124 158 33448 
125 158 33448 
126 158 33448 
127 158 33448 
128 158 33448 
129 158 33448 
130 158 33448 
131 158 33448 
132 158 33448 
133 158 33448 
134 158 33448 
135 158 33448 
136 158 33448 
137 158 33448 
138 158 33448 
139 158 33448 
140 158 33448 
141 158 33448 
142 158 33448 
143 158 33448 
144 158 33448 
145 158 33448 
146 158 33448 
147 158 33448 
148 158 33448 
149 158 33448 
150 158 33448 
151 158 33448 
152 158 33448 
153 158 33448 
154 158 33448 
155 158 33448 
156 158 33448 
157 158 33448 
158 159 267600 
158 160 267600 
158 161 267600 
158 162 267600 
158 163 267600 
158 164 267600 
158 165 267600 
158 166 267600 
158 167 267600 
158 168 267600 
158 169 267600 
158 170 267600 
158 171 267600 
158 172 267600 
158 173 267600 
158 174 267600 
158 175 267600 
158 176 267600 
158 177 267600 
158 178 267600 
158 179 267600 
158 180 267600 
158 181 267600 
158 182 267600 
158 183 267600 
158 184 267600 
158 185 267600 
158 186 267600 
158 187 267600 
158 188 267600 
158 189 267600 
158 190 267600 
158 191 267600 
158 192 267600 
158 193 267600 
158 194 267600 
158 195 267600 
158 196 267600 
158 197 267600 
158 198 267600 
158 199 267600 
158 200 267600 
158 201 267600 
158 202 267600 
158 203 267600 
158 204 267600 
158 205 267600 
158 206 267600 
158 207 267600 
158 208 267600 
158 209 267600 
158 210 267600 
158 211 267600 
158 212 267600 
158 213 267600 
158 214 267600 
158 215 267600 
158 216 267600 
158 217 267600 
158 218 267600 
158 219 267600 
158 220 267600 
158 221 267600 
158 222 267600 
158 223 267600 
158 224 267600 
158 225 267600 
158 226 267600 
158 227 267600 
158 228 267600 
158 229 267600 
158 230 33448 
159 230 33448 
160 230 33448 
161 230 33448 
162 230 33448 
163 230 33448 
164 230 33448 
165 230 33448 
166 230 33448 
167 230 33448 
168 230 33448 
169 230 33448 
170 230 33448 
171 230 33448 
172 230 33448 
173 230 33448 
174 230 33448 
175 230 33448 
176 230 33448 
177 230 33448 
178 230 33448 
179 230 33448 
180 230 33448 
181 230 33448 
182 230 33448 
183 230 33448 
184 230 33448 
185 230 33448 
186 230 33448 
187 230 33448 
188 230 33448 
189 230 33448 
190 230 33448 
191 230 33448 
192 230 33448 
193 230 33448 
194 230 33448 
195 230 33448 
196 230 33448 
197 230 33448 
198 230 33448 
199 230 33448 
200 230 33448 
201 230 33448 
202 230 33448 
203 230 33448 
204 230 33448 
205 230 33448 
206 230 33448 
207 230 33448 
208 230 33448 
209 230 33448 
210 230 33448 
211 230 33448 
212 230 33448 
213 230 33448 
214 230 33448 
215 230 33448 
216 230 33448 
217 230 33448 
218 230 33448 
219 230 33448 
220 230 33448 
221 230 33448 
222 230 33448 
223 230 33448 
224 230 33448 
225 230 33448 
226 230 33448 
227 230 33448 
228 230 33448 
229 230 33448 
230 231 267600 
230 232 267600 
230 233 267600 
230 234 267600 
230 235 267600 
230 236 267600 
230 237 267600 
230 238 267600 
230 239 267600 
230 240 267600 
230 241 267600 
230 242 267600 
230 243 267600 
230 244 267600 
230 245 267600 
230 246 267600 
230 247 267600 
230 248 267600 
230 249 267600 
230 250 267600 
230 251 267600 
230 252 267600 
230 253 267600 
230 254 267600 
230 255 267600 
230 256 267600 
230 257 267600 
230 258 267600 
230 259 267600 
230 260 267600 
230 261 267600 
230 262 267600 
230 263 267600 
230 264 267600 
230 265 267600 
230 266 267600 
230 267 267600 
230 268 267600 
230 269 267600 
230 270 267600 
230 271 267600 
230 272 267600 
230 273 267600 
230 274 267600 
230 275 267600 
230 276 267600 
230 277 267600 
230 278 267600 
230 279 267600 
230 280 267600 
230 281 267600 
230 282 267600 
230 283 267600 
230 284 267600 
230 285 267600 
230 286 267600 
230 287 267600 
230 288 267600 
230 289 267600 
230 290 267600 
230 291 267600 
230 292 267600 
230 293 267600 
230 294 267600 
230 295 267600 
230 296 267600 
230 297 267600 
230 298 267600 
230 299 267600 
230 300 267600 
230 301 267600 
230 302 33448 
231 302 33448 
232 302 33448 
233 302 33448 
234 302 33448 
235 302 33448 
236 302 33448 
237 302 33448 
238 302 33448 
239 302 33448 
240 302 33448 
241 302 33448 
242 302 33448 
243 302 33448 
244 302 33448 
245 302 33448 
246 302 33448 
247 302 33448 
248 302 33448 
249 302 33448 
250 302 33448 
251 302 33448 
252 302 33448 
253 302 33448 
254 302 33448 
255 302 33448 
256 302 33448 
257 302 33448 
258 302 33448 
259 302 33448 
260 302 33448 
261 302 33448 
262 302 33448 
263 302 33448 
264 302 33448 
265 302 33448 
266 302 33448 
267 302 33448 
268 302 33448 
269 302 33448 
270 302 33448 
271 302 33448 
272 302 33448 
273 302 33448 
274 302 33448 
275 302 33448 
276 302 33448 
277 302 33448 
278 302 33448 
279 302 33448 
280 302 33448 
281 302 33448 
282 302 33448 
283 302 33448 
284 302 33448 
285 302 33448 
286 302 33448 
287 302 33448 
288 302 33448 
289 302 33448 
290 302 33448 
291 302 33448 
292 302 33448 
293 302 33448 
294 302 33448 
295 302 33448 
296 302 33448 
297 302 33448 
298 302 33448 
299 302 33448 
300 302 33448 
301 302 33448 
302 303 267600 
302 304 267600 
302 305 267600 
302 306 267600 
302 307 267600 
302 308 267600 
302 309 267600 
302 310 267600 
302 311 267600 
302 312 267600 
302 313 267600 
302 314 267600 
302 315 267600 
302 316 267600 
302 317 267600 
302 318 267600 
302 319 267600 
302 320 267600 
302 321 267600 
302 322 267600 
302 323 267600 
302 324 267600 
302 325 267600 
302 326 267600 
302 327 267600 
302 328 267600 
302 329 267600 
302 330 267600 
302 331 267600 
302 332 267600 
302 333 267600 
302 334 267600 
302 335 267600 
302 336 267600 
302 337 267600 
302 338 267600 
302 339 267600 
302 340 267600 
302 341 267600 
302 342 267600 
302 343 267600 
302 344 267600 
302 345 267600 
302 346 267600 
302 347 267600 
302 348 267600 
302 349 267600 
302 350 267600 
302 351 267600 
302 352 267600 
302 353 267600 
302 354 267600 
302 355 267600 
302 356 267600 
302 357 267600 
302 358 267600 
302 359 267600 
302 360 267600 
302 361 267600 
302 362 267600 
302 363 267600 
302 364 267600 
302 365 267600 
302 366 267600 
302 367 267600 
302 368 267600 
302 369 267600 
302 370 267600 
302 371 267600 
302 372 267600 
302 373 267600 
302 374 33448 
303 374 33448 
304 374 33448 
305 374 33448 
306 374 33448 
307 374 33448 
308 374 33448 
309 374 33448 
310 374 33448 
311 374 33448 
312 374 33448 
313 374 33448 
314 374 33448 
315 374 33448 
316 374 33448 
317 374 33448 
318 374 33448 
319 374 33448 
320 374 33448 
321 374 33448 
322 374 33448 
323 374 33448 
324 374 33448 
325 374 33448 
326 374 33448 
327 374 33448 
328 374 33448 
329 374 33448 
330 374 33448 
331 374 33448 
332 374 33448 
333 374 33448 
334 374 33448 
335 374 33448 
336 374 33448 
337 374 33448 
338 374 33448 
339 374 33448 
340 374 33448 
341 374 33448 
342 374 33448 
343 374 33448 
344 374 33448 
345 374 33448 
346 374 33448 
347 374 33448 
348 374 33448 
349 374 33448 
350 374 33448 
351 374 33448 
352 374 33448 
353 374 33448 
354 374 33448 
355 374 33448 
356 374 33448 
357 374 33448 
358 374 33448 
359 374 33448 
360 374 33448 
361 374 33448 
362 374 33448 
363 374 33448 
364 374 33448 
365 374 33448 
366 374 33448 
367 374 33448 
368 374 33448 
369 374 33448 
370 374 33448 
371 374 33448 
372 374 33448 
373 374 33448 
374 375 267600 
374 376 267600 
374 377 267600 
374 378 267600 
374 379 267600 
374 380 267600 
374 381 267600 
374 382 267600 
374 383 267600 
374 384 267600 
374 385 267600 
374 386 267600 
374 387 267600 
374 388 267600 
374 389 267600 
374 390 267600 
374 391 267600 
374 392 267600 
374 393 267600 
374 394 267600 
374 395 267600 
374 396 267600 
374 397 267600 
374 398 267600 
374 399 267600 
374 400 267600 
374 401 267600 
374 402 267600 
374 403 267600 
374 404 267600 
374 405 267600 
374 406 267600 
374 407 267600 
374 408 267600 
374 409 267600 
374 410 267600 
374 411 267600 
374 412 267600 
374 413 267600 
374 414 267600 
374 415 267600 
374 416 267600 
374 417 267600 
374 418 267600 
374 419 267600 
374 420 267600 
374 421 267600 
374 422 267600 
374 423 267600 
374 424 267600 
374 425 267600 
374 426 267600 
374 427 267600 
374 428 267600 
374 429 267600 
374 430 267600 
374 431 267600 
374 432 267600 
374 433 267600 
374 434 267600 
374 435 267600 
374 436 267600 
374 437 267600 
374 438 267600 
374 439 267600 
374 440 267600 
374 441 267600 
374 442 267600 
374 443 267600 
374 444 267600 
374 445 267600 
374 446 267600 
374 447 267600 
374 448 267600 
374 449 267600 
374 450 267600 
374 451 267600 
374 452 267600 
374 453 267600 
374 454 267600 
374 455 267600 
374 456 267600 
374 457 267600 
374 458 267600 
374 459 267600 
374 460 267600 
374 461 267600 
374 462 267600 
374 463 267600 
374 464 267600 
374 465 267600 
374 466 267600 
374 467 267600 
374 468 267600 
374 469 267600 
374 470 267600 
374 471 267600 
374 472 267600 
374 473 267600 
374 474 267600 
374 475 267600 
374 476 267600 
374 477 267600 
374 478 267600 
374 479 267600 
374 480 267600 
374 481 267600 
374 482 267600 
374 483 267600 
374 484 267600 
374 485 267600 
374 486 267600 
374 487 267600 
374 488 267600 
374 489 267600 
374 490 267600 
374 491 267600 
374 492 267600 
374 493 267600 
374 494 267600 
374 495 267600 
374 496 267600 
374 497 267600 
374 498 267600 
374 499 267600 
374 500 267600 
374 501 267600 
374 502 267600 
374 503 267600 
374 504 267600 
374 505 267600 
374 506 267600 
374 507 267600 
374 508 267600 
374 509 267600 
374 510 267600 
374 511 267600 
374 512 267600 
374 513 267600 
374 514 267600 
374 515 267600 
374 516 267600 
374 517 267600 
374 518 8360 
375 518 8360 
376 518 8360 
377 518 8360 
378 518 8360 
379 518 8360 
380 518 8360 
381 518 8360 
382 518 8360 
383 518 8360 
384 518 8360 
385 518 8360 
386 518 8360 
387 518 8360 
388 518 8360 
389 518 8360 
390 518 8360 
391 518 8360 
392 518 8360 
393 518 8360 
394 518 8360 
395 518 8360 
396 518 8360 
397 518 8360 
398 518 8360 
399 518 8360 
400 518 8360 
401 518 8360 
402 518 8360 
403 518 8360 
404 518 8360 
405 518 8360 
406 518 8360 
407 518 8360 
408 518 8360 
409 518 8360 
410 518 8360 
411 518 8360 
412 518 8360 
413 518 8360 
414 518 8360 
415 518 8360 
416 518 8360 
417 518 8360 
418 518 8360 
419 518 8360 
420 518 8360 
421 518 8360 
422 518 8360 
423 518 8360 
424 518 8360 
425 518 8360 
426 518 8360 
427 518 8360 
428 518 8360 
429 518 8360 
430 518 8360 
431 518 8360 
432 518 8360 
433 518 8360 
434 518 8360 
435 518 8360 
436 518 8360 
437 518 8360 
438 518 8360 
439 518 8360 
440 518 8360 
441 518 8360 
442 518 8360 
443 518 8360 
444 518 8360 
445 518 8360 
446 518 8360 
447 518 8360 
448 518 8360 
449 518 8360 
450 518 8360 
451 518 8360 
452 518 8360 
453 518 8360 
454 518 8360 
455 518 8360 
456 518 8360 
457 518 8360 
458 518 8360 
459 518 8360 
460 518 8360 
461 518 8360 
462 518 8360 
463 518 8360 
464 518 8360 
465 518 8360 
466 518 8360 
467 518 8360 
468 518 8360 
469 518 8360 
470 518 8360 
471 518 8360 
472 518 8360 
473 518 8360 
474 518 8360 
475 518 8360 
476 518 8360 
477 518 8360 
478 518 8360 
479 518 8360 
480 518 8360 
481 518 8360 
482 518 8360 
483 518 8360 
484 518 8360 
485 518 8360 
486 518 8360 
487 518 8360 
488 518 8360 
489 518 8360 
490 518 8360 
491 518 8360 
492 518 8360 
493 518 8360 
494 518 8360 
495 518 8360 
496 518 8360 
497 518 8360 
498 518 8360 
499 518 8360 
500 518 8360 
501 518 8360 
502 518 8360 
503 518 8360 
504 518 8360 
505 518 8360 
506 518 8360 
507 518 8360 
508 518 8360 
509 518 8360 
510 518 8360 
511 518 8360 
512 518 8360 
513 518 8360 
514 518 8360 
515 518 8360 
516 518 8360 
517 518 8360 
518 519 66896 
518 520 66896 
518 521 66896 
518 522 66896 
518 523 66896 
518 524 66896 
518 525 66896 
518 526 66896 
518 527 66896 
518 528 66896 
518 529 66896 
518 530 66896 
518 531 66896 
518 532 66896 
518 533 66896 
518 534 66896 
518 535 66896 
518 536 66896 
518 537 66896 
518 538 66896 
518 539 66896 
518 540 66896 
518 541 66896 
518 542 66896 
518 543 66896 
518 544 66896 
518 545 66896 
518 546 66896 
518 547 66896 
518 548 66896 
518 549 66896 
518 550 66896 
518 551 66896 
518 552 66896 
518 553 66896 
518 554 66896 
518 555 66896 
518 556 66896 
518 557 66896 
518 558 66896 
518 559 66896 
518 560 66896 
518 561 66896 
518 562 66896 
518 563 66896 
518 564 66896 
518 565 66896 
518 566 66896 
518 567 66896 
518 568 66896 
518 569 66896 
518 570 66896 
518 571 66896 
518 572 66896 
518 573 66896 
518 574 66896 
518 575 66896 
518 576 66896 
518 577 66896 
518 578 66896 
518 579 66896 
518 580 66896 
518 581 66896 
518 582 66896 
518 583 66896 
518 584 66896 
518 585 66896 
518 586 66896 
518 587 66896 
518 588 66896 
518 589 66896 
518 590 66896 
518 591 66896 
518 592 66896 
518 593 66896 
518 594 66896 
518 595 66896 
518 596 66896 
518 597 66896 
518 598 66896 
518 599 66896 
518 600 66896 
518 601 66896 
518 602 66896 
518 603 66896 
518 604 66896 
518 605 66896 
518 606 66896 
518 607 66896 
518 608 66896 
518 609 66896 
518 610 66896 
518 611 66896 
518 612 66896 
518 613 66896 
518 614 66896 
518 615 66896 
518 616 66896 
518 617 66896 
518 618 66896 
518 619 66896 
518 620 66896 
518 621 66896 
518 622 66896 
518 623 66896 
518 624 66896 
518 625 66896 
518 626 66896 
518 627 66896 
518 628 66896 
518 629 66896 
518 630 66896 
518 631 66896 
518 632 66896 
518 633 66896 
518 634 66896 
518 635 66896 
518 636 66896 
518 637 66896 
518 638 66896 
518 639 66896 
518 640 66896 
518 641 66896 
518 642 66896 
518 643 66896 
518 644 66896 
518 645 66896 
518 646 66896 
518 647 66896 
518 648 66896 
518 649 66896 
518 650 66896 
518 651 66896 
518 652 66896 
518 653 66896 
518 654 66896 
518 655 66896 
518 656 66896 
518 657 66896 
518 658 66896 
518 659 66896 
518 660 66896 
518 661 66896 
518 662 66896 
518 663 66896 
518 664 66896 
518 665 66896 
518 666 66896 
518 667 66896 
518 668 66896 
518 669 66896 
518 670 66896 
518 671 66896 
518 672 66896 
518 673 66896 
518 674 66896 
518 675 66896 
518 676 66896 
518 677 66896 
518 678 66896 
518 679 66896 
518 680 66896 
518 681 66896 
518 682 66896 
518 683 66896 
518 684 66896 
518 685 66896 
518 686 66896 
518 687 66896 
518 688 66896 
518 689 66896 
518 690 66896 
518 691 66896 
518 692 66896 
518 693 66896 
518 694 66896 
518 695 66896 
518 696 66896 
518 697 66896 
518 698 66896 
518 699 66896 
518 700 66896 
518 701 66896 
518 702 66896 
518 703 66896 
518 704 66896 
518 705 66896 
518 706 66896 
518 707 66896 
518 708 66896 
518 709 66896 
518 710 66896 
518 711 66896 
518 712 66896 
518 713 66896 
518 714 66896 
518 715 66896 
518 716 66896 
518 717 66896 
518 718 66896 
518 719 66896 
518 720 66896 
518 721 66896 
518 722 66896 
518 723 66896 
518 724 66896 
518 725 66896 
518 726 66896 
518 727 66896 
518 728 66896 
518 729 66896 
518 730 66896 
518 731 66896 
518 732 66896 
518 733 66896 
518 734 66896 
518 735 66896 
518 736 66896 
518 737 66896 
518 738 66896 
518 739 66896 
518 740 66896 
518 741 66896 
518 742 66896 
518 743 66896 
518 744 66896 
518 745 66896 
518 746 66896 
518 747 66896 
518 748 66896 
518 749 66896 
518 750 66896 
518 751 66896 
518 752 66896 
518 753 66896 
518 754 66896 
518 755 66896 
518 756 66896 
518 757 66896 
518 758 66896 
518 759 66896 
518 760 66896 
518 761 66896 
518 762 66896 
518 763 66896 
518 764 66896 
518 765 66896 
518 766 66896 
518 767 66896 
518 768 66896 
518 769 66896 
518 770 66896 
518 771 66896 
518 772 66896 
518 773 66896 
518 774 66896 
518 775 66896 
518 776 66896 
518 777 66896 
518 778 66896 
518 779 66896 
518 780 66896 
518 781 66896 
518 782 66896 
518 783 66896 
518 784 66896 
518 785 66896 
518 786 66896 
518 787 66896 
518 788 66896 
518 789 66896 
518 790 66896 
518 791 66896 
518 792 66896 
518 793 66896 
518 794 66896 
518 795 66896 
518 796 66896 
518 797 66896 
518 798 66896 
518 799 66896 
518 800 66896 
518 801 66896 
518 802 66896 
518 803 66896 
518 804 66896 
518 805 66896 
518 806 8360 
519 806 8360 
520 806 8360 
521 806 8360 
522 806 8360 
523 806 8360 
524 806 8360 
525 806 8360 
526 806 8360 
527 806 8360 
528 806 8360 
529 806 8360 
530 806 8360 
531 806 8360 
532 806 8360 
533 806 8360 
534 806 8360 
535 806 8360 
536 806 8360 
537 806 8360 
538 806 8360 
539 806 8360 
540 806 8360 
541 806 8360 
542 806 8360 
543 806 8360 
544 806 8360 
545 806 8360 
546 806 8360 
547 806 8360 
548 806 8360 
549 806 8360 
550 806 8360 
551 806 8360 
552 806 8360 
553 806 8360 
554 806 8360 
555 806 8360 
556 806 8360 
557 806 8360 
558 806 8360 
559 806 8360 
560 806 8360 
561 806 8360 
562 806 8360 
563 806 8360 
564 806 8360 
565 806 8360 
566 806 8360 
567 806 8360 
568 806 8360 
569 806 8360 
570 806 8360 
571 806 8360 
572 806 8360 
573 806 8360 
574 806 8360 
575 806 8360 
576 806 8360 
577 806 8360 
578 806 8360 
579 806 8360 
580 806 8360 
581 806 8360 
582 806 8360 
583 806 8360 
584 806 8360 
585 806 8360 
586 806 8360 
587 806 8360 
588 806 8360 
589 806 8360 
590 806 8360 
591 806 8360 
592 806 8360 
593 806 8360 
594 806 8360 
595 806 8360 
596 806 8360 
597 806 8360 
598 806 8360 
599 806 8360 
600 806 8360 
601 806 8360 
602 806 8360 
603 806 8360 
604 806 8360 
605 806 8360 
606 806 8360 
607 806 8360 
608 806 8360 
609 806 8360 
610 806 8360 
611 806 8360 
612 806 8360 
613 806 8360 
614 806 8360 
615 806 8360 
616 806 8360 
617 806 8360 
618 806 8360 
619 806 8360 
620 806 8360 
621 806 8360 
622 806 8360 
623 806 8360 
624 806 8360 
625 806 8360 
626 806 8360 
627 806 8360 
628 806 8360 
629 806 8360 
630 806 8360 
631 806 8360 
632 806 8360 
633 806 8360 
634 806 8360 
635 806 8360 
636 806 8360 
637 806 8360 
638 806 8360 
639 806 8360 
640 806 8360 
641 806 8360 
642 806 8360 
643 806 8360 
644 806 8360 
645 806 8360 
646 806 8360 
647 806 8360 
648 806 8360 
649 806 8360 
650 806 8360 
651 806 8360 
652 806 8360 
653 806 8360 
654 806 8360 
655 806 8360 
656 806 8360 
657 806 8360 
658 806 8360 
659 806 8360 
660 806 8360 
661 806 8360 
662 806 8360 
663 806 8360 
664 806 8360 
665 806 8360 
666 806 8360 
667 806 8360 
668 806 8360 
669 806 8360 
670 806 8360 
671 806 8360 
672 806 8360 
673 806 8360 
674 806 8360 
675 806 8360 
676 806 8360 
677 806 8360 
678 806 8360 
679 806 8360 
680 806 8360 
681 806 8360 
682 806 8360 
683 806 8360 
684 806 8360 
685 806 8360 
686 806 8360 
687 806 8360 
688 806 8360 
689 806 8360 
690 806 8360 
691 806 8360 
692 806 8360 
693 806 8360 
694 806 8360 
695 806 8360 
696 806 8360 
697 806 8360 
698 806 8360 
699 806 8360 
700 806 8360 
701 806 8360 
702 806 8360 
703 806 8360 
704 806 8360 
705 806 8360 
706 806 8360 
707 806 8360 
708 806 8360 
709 806 8360 
710 806 8360 
711 806 8360 
712 806 8360 
713 806 8360 
714 806 8360 
715 806 8360 
716 806 8360 
717 806 8360 
718 806 8360 
719 806 8360 
720 806 8360 
721 806 8360 
722 806 8360 
723 806 8360 
724 806 8360 
725 806 8360 
726 806 8360 
727 806 8360 
728 806 8360 
729 806 8360 
730 806 8360 
731 806 8360 
732 806 8360 
733 806 8360 
734 806 8360 
735 806 8360 
736 806 8360 
737 806 8360 
738 806 8360 
739 806 8360 
740 806 8360 
741 806 8360 
742 806 8360 
743 806 8360 
744 806 8360 
745 806 8360 
746 806 8360 
747 806 8360 
748 806 8360 
749 806 8360 
750 806 8360 
751 806 8360 
752 806 8360 
753 806 8360 
754 806 8360 
755 806 8360 
756 806 8360 
757 806 8360 
758 806 8360 
759 806 8360 
760 806 8360 
761 806 8360 
762 806 8360 
763 806 8360 
764 806 8360 
765 806 8360 
766 806 8360 
767 806 8360 
768 806 8360 
769 806 8360 
770 806 8360 
771 806 8360 
772 806 8360 
773 806 8360 
774 806 8360 
775 806 8360 
776 806 8360 
777 806 8360 
778 806 8360 
779 806 8360 
780 806 8360 
781 806 8360 
782 806 8360 
783 806 8360 
784 806 8360 
785 806 8360 
786 806 8360 
787 806 8360 
788 806 8360 
789 806 8360 
790 806 8360 
791 806 8360 
792 806 8360 
793 806 8360 
794 806 8360 
795 806 8360 
796 806 8360 
797 806 8360 
798 806 8360 
799 806 8360 
800 806 8360 
801 806 8360 
802 806 8360 
803 806 8360 
804 806 8360 
805 806 8360 
806 807 66896 
806 808 66896 
806 809 66896 
806 810 66896 
806 811 66896 
806 812 66896 
806 813 66896 
806 814 66896 
806 815 66896 
806 816 66896 
806 817 66896 
806 818 66896 
806 819 66896 
806 820 66896 
806 821 66896 
806 822 66896 
806 823 66896 
806 824 66896 
806 825 66896 
806 826 66896 
806 827 66896 
806 828 66896 
806 829 66896 
806 830 66896 
806 831 66896 
806 832 66896 
806 833 66896 
806 834 66896 
806 835 66896 
806 836 66896 
806 837 66896 
806 838 66896 
806 839 66896 
806 840 66896 
806 841 66896 
806 842 66896 
806 843 66896 
806 844 66896 
806 845 66896 
806 846 66896 
806 847 66896 
806 848 66896 
806 849 66896 
806 850 66896 
806 851 66896 
806 852 66896 
806 853 66896 
806 854 66896 
806 855 66896 
806 856 66896 
806 857 66896 
806 858 66896 
806 859 66896 
806 860 66896 
806 861 66896 
806 862 66896 
806 863 66896 
806 864 66896 
806 865 66896 
806 866 66896 
806 867 66896 
806 868 66896 
806 869 66896 
806 870 66896 
806 871 66896 
806 872 66896 
806 873 66896 
806 874 66896 
806 875 66896 
806 876 66896 
806 877 66896 
806 878 66896 
806 879 66896 
806 880 66896 
806 881 66896 
806 882 66896 
806 883 66896 
806 884 66896 
806 885 66896 
806 886 66896 
806 887 66896 
806 888 66896 
806 889 66896 
806 890 66896 
806 891 66896 
806 892 66896 
806 893 66896 
806 894 66896 
806 895 66896 
806 896 66896 
806 897 66896 
806 898 66896 
806 899 66896 
806 900 66896 
806 901 66896 
806 902 66896 
806 903 66896 
806 904 66896 
806 905 66896 
806 906 66896 
806 907 66896 
806 908 66896 
806 909 66896 
806 910 66896 
806 911 66896 
806 912 66896 
806 913 66896 
806 914 66896 
806 915 66896 
806 916 66896 
806 917 66896 
806 918 66896 
806 919 66896 
806 920 66896 
806 921 66896 
806 922 66896 
806 923 66896 
806 924 66896 
806 925 66896 
806 926 66896 
806 927 66896 
806 928 66896 
806 929 66896 
806 930 66896 
806 931 66896 
806 932 66896 
806 933 66896 
806 934 66896 
806 935 66896 
806 936 66896 
806 937 66896 
806 938 66896 
806 939 66896 
806 940 66896 
806 941 66896 
806 942 66896 
806 943 66896 
806 944 66896 
806 945 66896 
806 946 66896 
806 947 66896 
806 948 66896 
806 949 66896 
806 950 66896 
806 951 66896 
806 952 66896 
806 953 66896 
806 954 66896 
806 955 66896 
806 956 66896 
806 957 66896 
806 958 66896 
806 959 66896 
806 960 66896 
806 961 66896 
806 962 66896 
806 963 66896 
806 964 66896 
806 965 66896 
806 966 66896 
806 967 66896 
806 968 66896 
806 969 66896 
806 970 66896 
806 971 66896 
806 972 66896 
806 973 66896 
806 974 66896 
806 975 66896 
806 976 66896 
806 977 66896 
806 978 66896 
806 979 66896 
806 980 66896 
806 981 66896 
806 982 66896 
806 983 66896 
806 984 66896 
806 985 66896 
806 986 66896 
806 987 66896 
806 988 66896 
806 989 66896 
806 990 66896 
806 991 66896 
806 992 66896 
806 993 66896 
806 994 66896 
806 995 66896 
806 996 66896 
806 997 66896 
806 998 66896 
806 999 66896 
806 1000 66896 
806 1001 66896 
806 1002 66896 
806 1003 66896 
806 1004 66896 
806 1005 66896 
806 1006 66896 
806 1007 66896 
806 1008 66896 
806 1009 66896 
806 1010 66896 
806 1011 66896 
806 1012 66896 
806 1013 66896 
806 1014 66896 
806 1015 66896 
806 1016 66896 
806 1017 66896 
806 1018 66896 
806 1019 66896 
806 1020 66896 
806 1021 66896 
806 1022 66896 
806 1023 66896 
806 1024 66896 
806 1025 66896 
806 1026 66896 
806 1027 66896 
806 1028 66896 
806 1029 66896 
806 1030 66896 
806 1031 66896 
806 1032 66896 
806 1033 66896 
806 1034 66896 
806 1035 66896 
806 1036 66896 
806 1037 66896 
806 1038 66896 
806 1039 66896 
806 1040 66896 
806 1041 66896 
806 1042 66896 
806 1043 66896 
806 1044 66896 
806 1045 66896 
806 1046 66896 
806 1047 66896 
806 1048 66896 
806 1049 66896 
806 1050 66896 
806 1051 66896 
806 1052 66896 
806 1053 66896 
806 1054 66896 
806 1055 66896 
806 1056 66896 
806 1057 66896 
806 1058 66896 
806 1059 66896 
806 1060 66896 
806 1061 66896 
806 1062 66896 
806 1063 66896 
806 1064 66896 
806 1065 66896 
806 1066 66896 
806 1067 66896 
806 1068 66896 
806 1069 66896 
806 1070 66896 
806 1071 66896 
806 1072 66896 
806 1073 66896 
806 1074 66896 
806 1075 66896 
806 1076 66896 
806 1077 66896 
806 1078 66896 
806 1079 66896 
806 1080 66896 
806 1081 66896 
806 1082 66896 
806 1083 66896 
806 1084 66896 
806 1085 66896 
806 1086 66896 
806 1087 66896 
806 1088 66896 
806 1089 66896 
806 1090 66896 
806 1091 66896 
806 1092 66896 
806 1093 66896 
806 1094 8360 
807 1094 8360 
808 1094 8360 
809 1094 8360 
810 1094 8360 
811 1094 8360 
812 1094 8360 
813 1094 8360 
814 1094 8360 
815 1094 8360 
816 1094 8360 
817 1094 8360 
818 1094 8360 
819 1094 8360 
820 1094 8360 
821 1094 8360 
822 1094 8360 
823 1094 8360 
824 1094 8360 
825 1094 8360 
826 1094 8360 
827 1094 8360 
828 1094 8360 
829 1094 8360 
830 1094 8360 
831 1094 8360 
832 1094 8360 
833 1094 8360 
834 1094 8360 
835 1094 8360 
836 1094 8360 
837 1094 8360 
838 1094 8360 
839 1094 8360 
840 1094 8360 
841 1094 8360 
842 1094 8360 
843 1094 8360 
844 1094 8360 
845 1094 8360 
846 1094 8360 
847 1094 8360 
848 1094 8360 
849 1094 8360 
850 1094 8360 
851 1094 8360 
852 1094 8360 
853 1094 8360 
854 1094 8360 
855 1094 8360 
856 1094 8360 
857 1094 8360 
858 1094 8360 
859 1094 8360 
860 1094 8360 
861 1094 8360 
862 1094 8360 
863 1094 8360 
864 1094 8360 
865 1094 8360 
866 1094 8360 
867 1094 8360 
868 1094 8360 
869 1094 8360 
870 1094 8360 
871 1094 8360 
872 1094 8360 
873 1094 8360 
874 1094 8360 
875 1094 8360 
876 1094 8360 
877 1094 8360 
878 1094 8360 
879 1094 8360 
880 1094 8360 
881 1094 8360 
882 1094 8360 
883 1094 8360 
884 1094 8360 
885 1094 8360 
886 1094 8360 
887 1094 8360 
888 1094 8360 
889 1094 8360 
890 1094 8360 
891 1094 8360 
892 1094 8360 
893 1094 8360 
894 1094 8360 
895 1094 8360 
896 1094 8360 
897 1094 8360 
898 1094 8360 
899 1094 8360 
900 1094 8360 
901 1094 8360 
902 1094 8360 
903 1094 8360 
904 1094 8360 
905 1094 8360 
906 1094 8360 
907 1094 8360 
908 1094 8360 
909 1094 8360 
910 1094 8360 
911 1094 8360 
912 1094 8360 
913 1094 8360 
914 1094 8360 
915 1094 8360 
916 1094 8360 
917 1094 8360 
918 1094 8360 
919 1094 8360 
920 1094 8360 
921 1094 8360 
922 1094 8360 
923 1094 8360 
924 1094 8360 
925 1094 8360 
926 1094 8360 
927 1094 8360 
928 1094 8360 
929 1094 8360 
930 1094 8360 
931 1094 8360 
932 1094 8360 
933 1094 8360 
934 1094 8360 
935 1094 8360 
936 1094 8360 
937 1094 8360 
938 1094 8360 
939 1094 8360 
940 1094 8360 
941 1094 8360 
942 1094 8360 
943 1094 8360 
944 1094 8360 
945 1094 8360 
946 1094 8360 
947 1094 8360 
948 1094 8360 
949 1094 8360 
950 1094 8360 
951 1094 8360 
952 1094 8360 
953 1094 8360 
954 1094 8360 
955 1094 8360 
956 1094 8360 
957 1094 8360 
958 1094 8360 
959 1094 8360 
960 1094 8360 
961 1094 8360 
962 1094 8360 
963 1094 8360 
964 1094 8360 
965 1094 8360 
966 1094 8360 
967 1094 8360 
968 1094 8360 
969 1094 8360 
970 1094 8360 
971 1094 8360 
972 1094 8360 
973 1094 8360 
974 1094 8360 
975 1094 8360 
976 1094 8360 
977 1094 8360 
978 1094 8360 
979 1094 8360 
980 1094 8360 
981 1094 8360 
982 1094 8360 
983 1094 8360 
984 1094 8360 
985 1094 8360 
986 1094 8360 
987 1094 8360 
988 1094 8360 
989 1094 8360 
990 1094 8360 
991 1094 8360 
992 1094 8360 
993 1094 8360 
994 1094 8360 
995 1094 8360 
996 1094 8360 
997 1094 8360 
998 1094 8360 
999 1094 8360 
1000 1094 8360 
1001 1094 8360 
1002 1094 8360 
1003 1094 8360 
1004 1094 8360 
1005 1094 8360 
1006 1094 8360 
1007 1094 8360 
1008 1094 8360 
1009 1094 8360 
1010 1094 8360 
1011 1094 8360 
1012 1094 8360 
1013 1094 8360 
1014 1094 8360 
1015 1094 8360 
1016 1094 8360 
1017 1094 8360 
1018 1094 8360 
1019 1094 8360 
1020 1094 8360 
1021 1094 8360 
1022 1094 8360 
1023 1094 8360 
1024 1094 8360 
1025 1094 8360 
1026 1094 8360 
1027 1094 8360 
1028 1094 8360 
1029 1094 8360 
1030 1094 8360 
1031 1094 8360 
1032 1094 8360 
1033 1094 8360 
1034 1094 8360 
1035 1094 8360 
1036 1094 8360 
1037 1094 8360 
1038 1094 8360 
1039 1094 8360 
1040 1094 8360 
1041 1094 8360 
1042 1094 8360 
1043 1094 8360 
1044 1094 8360 
1045 1094 8360 
1046 1094 8360 
1047 1094 8360 
1048 1094 8360 
1049 1094 8360 
1050 1094 8360 
1051 1094 8360 
1052 1094 8360 
1053 1094 8360 
1054 1094 8360 
1055 1094 8360 
1056 1094 8360 
1057 1094 8360 
1058 1094 8360 
1059 1094 8360 
1060 1094 8360 
1061 1094 8360 
1062 1094 8360 
1063 1094 8360 
1064 1094 8360 
1065 1094 8360 
1066 1094 8360 
1067 1094 8360 
1068 1094 8360 
1069 1094 8360 
1070 1094 8360 
1071 1094 8360 
1072 1094 8360 
1073 1094 8360 
1074 1094 8360 
1075 1094 8360 
1076 1094 8360 
1077 1094 8360 
1078 1094 8360 
1079 1094 8360 
1080 1094 8360 
1081 1094 8360 
1082 1094 8360 
1083 1094 8360 
1084 1094 8360 
1085 1094 8360 
1086 1094 8360 
1087 1094 8360 
1088 1094 8360 
1089 1094 8360 
1090 1094 8360 
1091 1094 8360 
1092 1094 8360 
1093 1094 8360 
1094 1095 66896 
1094 1096 66896 
1094 1097 66896 
1094 1098 66896 
1094 1099 66896 
1094 1100 66896 
1094 1101 66896 
1094 1102 66896 
1094 1103 66896 
1094 1104 66896 
1094 1105 66896 
1094 1106 66896 
1094 1107 66896 
1094 1108 66896 
1094 1109 66896 
1094 1110 66896 
1094 1111 66896 
1094 1112 66896 
1094 1113 66896 
1094 1114 66896 
1094 1115 66896 
1094 1116 66896 
1094 1117 66896 
1094 1118 66896 
1094 1119 66896 
1094 1120 66896 
1094 1121 66896 
1094 1122 66896 
1094 1123 66896 
1094 1124 66896 
1094 1125 66896 
1094 1126 66896 
1094 1127 66896 
1094 1128 66896 
1094 1129 66896 
1094 1130 66896 
1094 1131 66896 
1094 1132 66896 
1094 1133 66896 
1094 1134 66896 
1094 1135 66896 
1094 1136 66896 
1094 1137 66896 
1094 1138 66896 
1094 1139 66896 
1094 1140 66896 
1094 1141 66896 
1094 1142 66896 
1094 1143 66896 
1094 1144 66896 
1094 1145 66896 
1094 1146 66896 
1094 1147 66896 
1094 1148 66896 
1094 1149 66896 
1094 1150 66896 
1094 1151 66896 
1094 1152 66896 
1094 1153 66896 
1094 1154 66896 
1094 1155 66896 
1094 1156 66896 
1094 1157 66896 
1094 1158 66896 
1094 1159 66896 
1094 1160 66896 
1094 1161 66896 
1094 1162 66896 
1094 1163 66896 
1094 1164 66896 
1094 1165 66896 
1094 1166 66896 
1094 1167 66896 
1094 1168 66896 
1094 1169 66896 
1094 1170 66896 
1094 1171 66896 
1094 1172 66896 
1094 1173 66896 
1094 1174 66896 
1094 1175 66896 
1094 1176 66896 
1094 1177 66896 
1094 1178 66896 
1094 1179 66896 
1094 1180 66896 
1094 1181 66896 
1094 1182 66896 
1094 1183 66896 
1094 1184 66896 
1094 1185 66896 
1094 1186 66896 
1094 1187 66896 
1094 1188 66896 
1094 1189 66896 
1094 1190 66896 
1094 1191 66896 
1094 1192 66896 
1094 1193 66896 
1094 1194 66896 
1094 1195 66896 
1094 1196 66896 
1094 1197 66896 
1094 1198 66896 
1094 1199 66896 
1094 1200 66896 
1094 1201 66896 
1094 1202 66896 
1094 1203 66896 
1094 1204 66896 
1094 1205 66896 
1094 1206 66896 
1094 1207 66896 
1094 1208 66896 
1094 1209 66896 
1094 1210 66896 
1094 1211 66896 
1094 1212 66896 
1094 1213 66896 
1094 1214 66896 
1094 1215 66896 
1094 1216 66896 
1094 1217 66896 
1094 1218 66896 
1094 1219 66896 
1094 1220 66896 
1094 1221 66896 
1094 1222 66896 
1094 1223 66896 
1094 1224 66896 
1094 1225 66896 
1094 1226 66896 
1094 1227 66896 
1094 1228 66896 
1094 1229 66896 
1094 1230 66896 
1094 1231 66896 
1094 1232 66896 
1094 1233 66896 
1094 1234 66896 
1094 1235 66896 
1094 1236 66896 
1094 1237 66896 
1094 1238 66896 
1094 1239 66896 
1094 1240 66896 
1094 1241 66896 
1094 1242 66896 
1094 1243 66896 
1094 1244 66896 
1094 1245 66896 
1094 1246 66896 
1094 1247 66896 
1094 1248 66896 
1094 1249 66896 
1094 1250 66896 
1094 1251 66896 
1094 1252 66896 
1094 1253 66896 
1094 1254 66896 
1094 1255 66896 
1094 1256 66896 
1094 1257 66896 
1094 1258 66896 
1094 1259 66896 
1094 1260 66896 
1094 1261 66896 
1094 1262 66896 
1094 1263 66896 
1094 1264 66896 
1094 1265 66896 
1094 1266 66896 
1094 1267 66896 
1094 1268 66896 
1094 1269 66896 
1094 1270 66896 
1094 1271 66896 
1094 1272 66896 
1094 1273 66896 
1094 1274 66896 
1094 1275 66896 
1094 1276 66896 
1094 1277 66896 
1094 1278 66896 
1094 1279 66896 
1094 1280 66896 
1094 1281 66896 
1094 1282 66896 
1094 1283 66896 
1094 1284 66896 
1094 1285 66896 
1094 1286 66896 
1094 1287 66896 
1094 1288 66896 
1094 1289 66896 
1094 1290 66896 
1094 1291 66896 
1094 1292 66896 
1094 1293 66896 
1094 1294 66896 
1094 1295 66896 
1094 1296 66896 
1094 1297 66896 
1094 1298 66896 
1094 1299 66896 
1094 1300 66896 
1094 1301 66896 
1094 1302 66896 
1094 1303 66896 
1094 1304 66896 
1094 1305 66896 
1094 1306 66896 
1094 1307 66896 
1094 1308 66896 
1094 1309 66896 
1094 1310 66896 
1094 1311 66896 
1094 1312 66896 
1094 1313 66896 
1094 1314 66896 
1094 1315 66896 
1094 1316 66896 
1094 1317 66896 
1094 1318 66896 
1094 1319 66896 
1094 1320 66896 
1094 1321 66896 
1094 1322 66896 
1094 1323 66896 
1094 1324 66896 
1094 1325 66896 
1094 1326 66896 
1094 1327 66896 
1094 1328 66896 
1094 1329 66896 
1094 1330 66896 
1094 1331 66896 
1094 1332 66896 
1094 1333 66896 
1094 1334 66896 
1094 1335 66896 
1094 1336 66896 
1094 1337 66896 
1094 1338 66896 
1094 1339 66896 
1094 1340 66896 
1094 1341 66896 
1094 1342 66896 
1094 1343 66896 
1094 1344 66896 
1094 1345 66896 
1094 1346 66896 
1094 1347 66896 
1094 1348 66896 
1094 1349 66896 
1094 1350 66896 
1094 1351 66896 
1094 1352 66896 
1094 1353 66896 
1094 1354 66896 
1094 1355 66896 
1094 1356 66896 
1094 1357 66896 
1094 1358 66896 
1094 1359 66896 
1094 1360 66896 
1094 1361 66896 
1094 1362 66896 
1094 1363 66896 
1094 1364 66896 
1094 1365 66896 
1094 1366 66896 
1094 1367 66896 
1094 1368 66896 
1094 1369 66896 
1094 1370 66896 
1094 1371 66896 
1094 1372 66896 
1094 1373 66896 
1094 1374 66896 
1094 1375 66896 
1094 1376 66896 
1094 1377 66896 
1094 1378 66896 
1094 1379 66896 
1094 1380 66896 
1094 1381 66896 
1094 1382 8360 
1095 1382 8360 
1096 1382 8360 
1097 1382 8360 
1098 1382 8360 
1099 1382 8360 
1100 1382 8360 
1101 1382 8360 
1102 1382 8360 
1103 1382 8360 
1104 1382 8360 
1105 1382 8360 
1106 1382 8360 
1107 1382 8360 
1108 1382 8360 
1109 1382 8360 
1110 1382 8360 
1111 1382 8360 
1112 1382 8360 
1113 1382 8360 
1114 1382 8360 
1115 1382 8360 
1116 1382 8360 
1117 1382 8360 
1118 1382 8360 
1119 1382 8360 
1120 1382 8360 
1121 1382 8360 
1122 1382 8360 
1123 1382 8360 
1124 1382 8360 
1125 1382 8360 
1126 1382 8360 
1127 1382 8360 
1128 1382 8360 
1129 1382 8360 
1130 1382 8360 
1131 1382 8360 
1132 1382 8360 
1133 1382 8360 
1134 1382 8360 
1135 1382 8360 
1136 1382 8360 
1137 1382 8360 
1138 1382 8360 
1139 1382 8360 
1140 1382 8360 
1141 1382 8360 
1142 1382 8360 
1143 1382 8360 
1144 1382 8360 
1145 1382 8360 
1146 1382 8360 
1147 1382 8360 
1148 1382 8360 
1149 1382 8360 
1150 1382 8360 
1151 1382 8360 
1152 1382 8360 
1153 1382 8360 
1154 1382 8360 
1155 1382 8360 
1156 1382 8360 
1157 1382 8360 
1158 1382 8360 
1159 1382 8360 
1160 1382 8360 
1161 1382 8360 
1162 1382 8360 
1163 1382 8360 
1164 1382 8360 
1165 1382 8360 
1166 1382 8360 
1167 1382 8360 
1168 1382 8360 
1169 1382 8360 
1170 1382 8360 
1171 1382 8360 
1172 1382 8360 
1173 1382 8360 
1174 1382 8360 
1175 1382 8360 
1176 1382 8360 
1177 1382 8360 
1178 1382 8360 
1179 1382 8360 
1180 1382 8360 
1181 1382 8360 
1182 1382 8360 
1183 1382 8360 
1184 1382 8360 
1185 1382 8360 
1186 1382 8360 
1187 1382 8360 
1188 1382 8360 
1189 1382 8360 
1190 1382 8360 
1191 1382 8360 
1192 1382 8360 
1193 1382 8360 
1194 1382 8360 
1195 1382 8360 
1196 1382 8360 
1197 1382 8360 
1198 1382 8360 
1199 1382 8360 
1200 1382 8360 
1201 1382 8360 
1202 1382 8360 
1203 1382 8360 
1204 1382 8360 
1205 1382 8360 
1206 1382 8360 
1207 1382 8360 
1208 1382 8360 
1209 1382 8360 
1210 1382 8360 
1211 1382 8360 
1212 1382 8360 
1213 1382 8360 
1214 1382 8360 
1215 1382 8360 
1216 1382 8360 
1217 1382 8360 
1218 1382 8360 
1219 1382 8360 
1220 1382 8360 
1221 1382 8360 
1222 1382 8360 
1223 1382 8360 
1224 1382 8360 
1225 1382 8360 
1226 1382 8360 
1227 1382 8360 
1228 1382 8360 
1229 1382 8360 
1230 1382 8360 
1231 1382 8360 
1232 1382 8360 
1233 1382 8360 
1234 1382 8360 
1235 1382 8360 
1236 1382 8360 
1237 1382 8360 
1238 1382 8360 
1239 1382 8360 
1240 1382 8360 
1241 1382 8360 
1242 1382 8360 
1243 1382 8360 
1244 1382 8360 
1245 1382 8360 
1246 1382 8360 
1247 1382 8360 
1248 1382 8360 
1249 1382 8360 
1250 1382 8360 
1251 1382 8360 
1252 1382 8360 
1253 1382 8360 
1254 1382 8360 
1255 1382 8360 
1256 1382 8360 
1257 1382 8360 
1258 1382 8360 
1259 1382 8360 
1260 1382 8360 
1261 1382 8360 
1262 1382 8360 
1263 1382 8360 
1264 1382 8360 
1265 1382 8360 
1266 1382 8360 
1267 1382 8360 
1268 1382 8360 
1269 1382 8360 
1270 1382 8360 
1271 1382 8360 
1272 1382 8360 
1273 1382 8360 
1274 1382 8360 
1275 1382 8360 
1276 1382 8360 
1277 1382 8360 
1278 1382 8360 
1279 1382 8360 
1280 1382 8360 
1281 1382 8360 
1282 1382 8360 
1283 1382 8360 
1284 1382 8360 
1285 1382 8360 
1286 1382 8360 
1287 1382 8360 
1288 1382 8360 
1289 1382 8360 
1290 1382 8360 
1291 1382 8360 
1292 1382 8360 
1293 1382 8360 
1294 1382 8360 
1295 1382 8360 
1296 1382 8360 
1297 1382 8360 
1298 1382 8360 
1299 1382 8360 
1300 1382 8360 
1301 1382 8360 
1302 1382 8360 
1303 1382 8360 
1304 1382 8360 
1305 1382 8360 
1306 1382 8360 
1307 1382 8360 
1308 1382 8360 
1309 1382 8360 
1310 1382 8360 
1311 1382 8360 
1312 1382 8360 
1313 1382 8360 
1314 1382 8360 
1315 1382 8360 
1316 1382 8360 
1317 1382 8360 
1318 1382 8360 
1319 1382 8360 
1320 1382 8360 
1321 1382 8360 
1322 1382 8360 
1323 1382 8360 
1324 1382 8360 
1325 1382 8360 
1326 1382 8360 
1327 1382 8360 
1328 1382 8360 
1329 1382 8360 
1330 1382 8360 
1331 1382 8360 
1332 1382 8360 
1333 1382 8360 
1334 1382 8360 
1335 1382 8360 
1336 1382 8360 
1337 1382 8360 
1338 1382 8360 
1339 1382 8360 
1340 1382 8360 
1341 1382 8360 
1342 1382 8360 
1343 1382 8360 
1344 1382 8360 
1345 1382 8360 
1346 1382 8360 
1347 1382 8360 
1348 1382 8360 
1349 1382 8360 
1350 1382 8360 
1351 1382 8360 
1352 1382 8360 
1353 1382 8360 
1354 1382 8360 
1355 1382 8360 
1356 1382 8360 
1357 1382 8360 
1358 1382 8360 
1359 1382 8360 
1360 1382 8360 
1361 1382 8360 
1362 1382 8360 
1363 1382 8360 
1364 1382 8360 
1365 1382 8360 
1366 1382 8360 
1367 1382 8360 
1368 1382 8360 
1369 1382 8360 
1370 1382 8360 
1371 1382 8360 
1372 1382 8360 
1373 1382 8360 
1374 1382 8360 
1375 1382 8360 
1376 1382 8360 
1377 1382 8360 
1378 1382 8360 
1379 1382 8360 
1380 1382 8360 
1381 1382 8360 
1382 1383 66896 
1382 1384 66896 
1382 1385 66896 
1382 1386 66896 
1382 1387 66896 
1382 1388 66896 
1382 1389 66896 
1382 1390 66896 
1382 1391 66896 
1382 1392 66896 
1382 1393 66896 
1382 1394 66896 
1382 1395 66896 
1382 1396 66896 
1382 1397 66896 
1382 1398 66896 
1382 1399 66896 
1382 1400 66896 
1382 1401 66896 
1382 1402 66896 
1382 1403 66896 
1382 1404 66896 
1382 1405 66896 
1382 1406 66896 
1382 1407 66896 
1382 1408 66896 
1382 1409 66896 
1382 1410 66896 
1382 1411 66896 
1382 1412 66896 
1382 1413 66896 
1382 1414 66896 
1382 1415 66896 
1382 1416 66896 
1382 1417 66896 
1382 1418 66896 
1382 1419 66896 
1382 1420 66896 
1382 1421 66896 
1382 1422 66896 
1382 1423 66896 
1382 1424 66896 
1382 1425 66896 
1382 1426 66896 
1382 1427 66896 
1382 1428 66896 
1382 1429 66896 
1382 1430 66896 
1382 1431 66896 
1382 1432 66896 
1382 1433 66896 
1382 1434 66896 
1382 1435 66896 
1382 1436 66896 
1382 1437 66896 
1382 1438 66896 
1382 1439 66896 
1382 1440 66896 
1382 1441 66896 
1382 1442 66896 
1382 1443 66896 
1382 1444 66896 
1382 1445 66896 
1382 1446 66896 
1382 1447 66896 
1382 1448 66896 
1382 1449 66896 
1382 1450 66896 
1382 1451 66896 
1382 1452 66896 
1382 1453 66896 
1382 1454 66896 
1382 1455 66896 
1382 1456 66896 
1382 1457 66896 
1382 1458 66896 
1382 1459 66896 
1382 1460 66896 
1382 1461 66896 
1382 1462 66896 
1382 1463 66896 
1382 1464 66896 
1382 1465 66896 
1382 1466 66896 
1382 1467 66896 
1382 1468 66896 
1382 1469 66896 
1382 1470 66896 
1382 1471 66896 
1382 1472 66896 
1382 1473 66896 
1382 1474 66896 
1382 1475 66896 
1382 1476 66896 
1382 1477 66896 
1382 1478 66896 
1382 1479 66896 
1382 1480 66896 
1382 1481 66896 
1382 1482 66896 
1382 1483 66896 
1382 1484 66896 
1382 1485 66896 
1382 1486 66896 
1382 1487 66896 
1382 1488 66896 
1382 1489 66896 
1382 1490 66896 
1382 1491 66896 
1382 1492 66896 
1382 1493 66896 
1382 1494 66896 
1382 1495 66896 
1382 1496 66896 
1382 1497 66896 
1382 1498 66896 
1382 1499 66896 
1382 1500 66896 
1382 1501 66896 
1382 1502 66896 
1382 1503 66896 
1382 1504 66896 
1382 1505 66896 
1382 1506 66896 
1382 1507 66896 
1382 1508 66896 
1382 1509 66896 
1382 1510 66896 
1382 1511 66896 
1382 1512 66896 
1382 1513 66896 
1382 1514 66896 
1382 1515 66896 
1382 1516 66896 
1382 1517 66896 
1382 1518 66896 
1382 1519 66896 
1382 1520 66896 
1382 1521 66896 
1382 1522 66896 
1382 1523 66896 
1382 1524 66896 
1382 1525 66896 
1382 1526 66896 
1382 1527 66896 
1382 1528 66896 
1382 1529 66896 
1382 1530 66896 
1382 1531 66896 
1382 1532 66896 
1382 1533 66896 
1382 1534 66896 
1382 1535 66896 
1382 1536 66896 
1382 1537 66896 
1382 1538 66896 
1382 1539 66896 
1382 1540 66896 
1382 1541 66896 
1382 1542 66896 
1382 1543 66896 
1382 1544 66896 
1382 1545 66896 
1382 1546 66896 
1382 1547 66896 
1382 1548 66896 
1382 1549 66896 
1382 1550 66896 
1382 1551 66896 
1382 1552 66896 
1382 1553 66896 
1382 1554 66896 
1382 1555 66896 
1382 1556 66896 
1382 1557 66896 
1382 1558 66896 
1382 1559 66896 
1382 1560 66896 
1382 1561 66896 
1382 1562 66896 
1382 1563 66896 
1382 1564 66896 
1382 1565 66896 
1382 1566 66896 
1382 1567 66896 
1382 1568 66896 
1382 1569 66896 
1382 1570 66896 
1382 1571 66896 
1382 1572 66896 
1382 1573 66896 
1382 1574 66896 
1382 1575 66896 
1382 1576 66896 
1382 1577 66896 
1382 1578 66896 
1382 1579 66896 
1382 1580 66896 
1382 1581 66896 
1382 1582 66896 
1382 1583 66896 
1382 1584 66896 
1382 1585 66896 
1382 1586 66896 
1382 1587 66896 
1382 1588 66896 
1382 1589 66896 
1382 1590 66896 
1382 1591 66896 
1382 1592 66896 
1382 1593 66896 
1382 1594 66896 
1382 1595 66896 
1382 1596 66896 
1382 1597 66896 
1382 1598 66896 
1382 1599 66896 
1382 1600 66896 
1382 1601 66896 
1382 1602 66896 
1382 1603 66896 
1382 1604 66896 
1382 1605 66896 
1382 1606 66896 
1382 1607 66896 
1382 1608 66896 
1382 1609 66896 
1382 1610 66896 
1382 1611 66896 
1382 1612 66896 
1382 1613 66896 
1382 1614 66896 
1382 1615 66896 
1382 1616 66896 
1382 1617 66896 
1382 1618 66896 
1382 1619 66896 
1382 1620 66896 
1382 1621 66896 
1382 1622 66896 
1382 1623 66896 
1382 1624 66896 
1382 1625 66896 
1382 1626 66896 
1382 1627 66896 
1382 1628 66896 
1382 1629 66896 
1382 1630 66896 
1382 1631 66896 
1382 1632 66896 
1382 1633 66896 
1382 1634 66896 
1382 1635 66896 
1382 1636 66896 
1382 1637 66896 
1382 1638 66896 
1382 1639 66896 
1382 1640 66896 
1382 1641 66896 
1382 1642 66896 
1382 1643 66896 
1382 1644 66896 
1382 1645 66896 
1382 1646 66896 
1382 1647 66896 
1382 1648 66896 
1382 1649 66896 
1382 1650 66896 
1382 1651 66896 
1382 1652 66896 
1382 1653 66896 
1382 1654 66896 
1382 1655 66896 
1382 1656 66896 
1382 1657 66896 
1382 1658 66896 
1382 1659 66896 
1382 1660 66896 
1382 1661 66896 
1382 1662 66896 
1382 1663 66896 
1382 1664 66896 
1382 1665 66896 
1382 1666 66896 
1382 1667 66896 
1382 1668 66896 
1382 1669 66896 
1382 1670 66896 
1382 1671 66896 
1382 1672 66896 
1382 1673 66896 
1382 1674 66896 
1382 1675 66896 
1382 1676 66896 
1382 1677 66896 
1382 1678 66896 
1382 1679 66896 
1382 1680 66896 
1382 1681 66896 
1382 1682 66896 
1382 1683 66896 
1382 1684 66896 
1382 1685 66896 
1382 1686 66896 
1382 1687 66896 
1382 1688 66896 
1382 1689 66896 
1382 1690 66896 
1382 1691 66896 
1382 1692 66896 
1382 1693 66896 
1382 1694 66896 
1382 1695 66896 
1382 1696 66896 
1382 1697 66896 
1382 1698 66896 
1382 1699 66896 
1382 1700 66896 
1382 1701 66896 
1382 1702 66896 
1382 1703 66896 
1382 1704 66896 
1382 1705 66896 
1382 1706 66896 
1382 1707 66896 
1382 1708 66896 
1382 1709 66896 
1382 1710 66896 
1382 1711 66896 
1382 1712 66896 
1382 1713 66896 
1382 1714 66896 
1382 1715 66896 
1382 1716 66896 
1382 1717 66896 
1382 1718 66896 
1382 1719 66896 
1382 1720 66896 
1382 1721 66896 
1382 1722 66896 
1382 1723 66896 
1382 1724 66896 
1382 1725 66896 
1382 1726 66896 
1382 1727 66896 
1382 1728 66896 
1382 1729 66896 
1382 1730 66896 
1382 1731 66896 
1382 1732 66896 
1382 1733 66896 
1382 1734 66896 
1382 1735 66896 
1382 1736 66896 
1382 1737 66896 
1382 1738 66896 
1382 1739 66896 
1382 1740 66896 
1382 1741 66896 
1382 1742 66896 
1382 1743 66896 
1382 1744 66896 
1382 1745 66896 
1382 1746 66896 
1382 1747 66896 
1382 1748 66896 
1382 1749 66896 
1382 1750 66896 
1382 1751 66896 
1382 1752 66896 
1382 1753 66896 
1382 1754 66896 
1382 1755 66896 
1382 1756 66896 
1382 1757 66896 
1382 1758 66896 
1382 1759 66896 
1382 1760 66896 
1382 1761 66896 
1382 1762 66896 
1382 1763 66896 
1382 1764 66896 
1382 1765 66896 
1382 1766 66896 
1382 1767 66896 
1382 1768 66896 
1382 1769 66896 
1382 1770 66896 
1382 1771 66896 
1382 1772 66896 
1382 1773 66896 
1382 1774 66896 
1382 1775 66896 
1382 1776 66896 
1382 1777 66896 
1382 1778 66896 
1382 1779 66896 
1382 1780 66896 
1382 1781 66896 
1382 1782 66896 
1382 1783 66896 
1382 1784 66896 
1382 1785 66896 
1382 1786 66896 
1382 1787 66896 
1382 1788 66896 
1382 1789 66896 
1382 1790 66896 
1382 1791 66896 
1382 1792 66896 
1382 1793 66896 
1382 1794 66896 
1382 1795 66896 
1382 1796 66896 
1382 1797 66896 
1382 1798 66896 
1382 1799 66896 
1382 1800 66896 
1382 1801 66896 
1382 1802 66896 
1382 1803 66896 
1382 1804 66896 
1382 1805 66896 
1382 1806 66896 
1382 1807 66896 
1382 1808 66896 
1382 1809 66896 
1382 1810 66896 
1382 1811 66896 
1382 1812 66896 
1382 1813 66896 
1382 1814 66896 
1382 1815 66896 
1382 1816 66896 
1382 1817 66896 
1382 1818 66896 
1382 1819 66896 
1382 1820 66896 
1382 1821 66896 
1382 1822 66896 
1382 1823 66896 
1382 1824 66896 
1382 1825 66896 
1382 1826 66896 
1382 1827 66896 
1382 1828 66896 
1382 1829 66896 
1382 1830 66896 
1382 1831 66896 
1382 1832 66896 
1382 1833 66896 
1382 1834 66896 
1382 1835 66896 
1382 1836 66896 
1382 1837 66896 
1382 1838 66896 
1382 1839 66896 
1382 1840 66896 
1382 1841 66896 
1382 1842 66896 
1382 1843 66896 
1382 1844 66896 
1382 1845 66896 
1382 1846 66896 
1382 1847 66896 
1382 1848 66896 
1382 1849 66896 
1382 1850 66896 
1382 1851 66896 
1382 1852 66896 
1382 1853 66896 
1382 1854 66896 
1382 1855 66896 
1382 1856 66896 
1382 1857 66896 
1382 1858 66896 
1382 1859 66896 
1382 1860 66896 
1382 1861 66896 
1382 1862 66896 
1382 1863 66896 
1382 1864 66896 
1382 1865 66896 
1382 1866 66896 
1382 1867 66896 
1382 1868 66896 
1382 1869 66896 
1382 1870 66896 
1382 1871 66896 
1382 1872 66896 
1382 1873 66896 
1382 1874 66896 
1382 1875 66896 
1382 1876 66896 
1382 1877 66896 
1382 1878 66896 
1382 1879 66896 
1382 1880 66896 
1382 1881 66896 
1382 1882 66896 
1382 1883 66896 
1382 1884 66896 
1382 1885 66896 
1382 1886 66896 
1382 1887 66896 
1382 1888 66896 
1382 1889 66896 
1382 1890 66896 
1382 1891 66896 
1382 1892 66896 
1382 1893 66896 
1382 1894 66896 
1382 1895 66896 
1382 1896 66896 
1382 1897 66896 
1382 1898 66896 
1382 1899 66896 
1382 1900 66896 
1382 1901 66896 
1382 1902 66896 
1382 1903 66896 
1382 1904 66896 
1382 1905 66896 
1382 1906 66896 
1382 1907 66896 
1382 1908 66896 
1382 1909 66896 
1382 1910 66896 
1382 1911 66896 
1382 1912 66896 
1382 1913 66896 
1382 1914 66896 
1382 1915 66896 
1382 1916 66896 
1382 1917 66896 
1382 1918 66896 
1382 1919 66896 
1382 1920 66896 
1382 1921 66896 
1382 1922 66896 
1382 1923 66896 
1382 1924 66896 
1382 1925 66896 
1382 1926 66896 
1382 1927 66896 
1382 1928 66896 
1382 1929 66896 
1382 1930 66896 
1382 1931 66896 
1382 1932 66896 
1382 1933 66896 
1382 1934 66896 
1382 1935 66896 
1382 1936 66896 
1382 1937 66896 
1382 1938 66896 
1382 1939 66896 
1382 1940 66896 
1382 1941 66896 
1382 1942 66896 
1382 1943 66896 
1382 1944 66896 
1382 1945 66896 
1382 1946 66896 
1382 1947 66896 
1382 1948 66896 
1382 1949 66896 
1382 1950 66896 
1382 1951 66896 
1382 1952 66896 
1382 1953 66896 
1382 1954 66896 
1382 1955 66896 
1382 1956 66896 
1382 1957 66896 
1382 1958 2088 
1383 1958 2088 
1384 1958 2088 
1385 1958 2088 
1386 1958 2088 
1387 1958 2088 
1388 1958 2088 
1389 1958 2088 
1390 1958 2088 
1391 1958 2088 
1392 1958 2088 
1393 1958 2088 
1394 1958 2088 
1395 1958 2088 
1396 1958 2088 
1397 1958 2088 
1398 1958 2088 
1399 1958 2088 
1400 1958 2088 
1401 1958 2088 
1402 1958 2088 
1403 1958 2088 
1404 1958 2088 
1405 1958 2088 
1406 1958 2088 
1407 1958 2088 
1408 1958 2088 
1409 1958 2088 
1410 1958 2088 
1411 1958 2088 
1412 1958 2088 
1413 1958 2088 
1414 1958 2088 
1415 1958 2088 
1416 1958 2088 
1417 1958 2088 
1418 1958 2088 
1419 1958 2088 
1420 1958 2088 
1421 1958 2088 
1422 1958 2088 
1423 1958 2088 
1424 1958 2088 
1425 1958 2088 
1426 1958 2088 
1427 1958 2088 
1428 1958 2088 
1429 1958 2088 
1430 1958 2088 
1431 1958 2088 
1432 1958 2088 
1433 1958 2088 
1434 1958 2088 
1435 1958 2088 
1436 1958 2088 
1437 1958 2088 
1438 1958 2088 
1439 1958 2088 
1440 1958 2088 
1441 1958 2088 
1442 1958 2088 
1443 1958 2088 
1444 1958 2088 
1445 1958 2088 
1446 1958 2088 
1447 1958 2088 
1448 1958 2088 
1449 1958 2088 
1450 1958 2088 
1451 1958 2088 
1452 1958 2088 
1453 1958 2088 
1454 1958 2088 
1455 1958 2088 
1456 1958 2088 
1457 1958 2088 
1458 1958 2088 
1459 1958 2088 
1460 1958 2088 
1461 1958 2088 
1462 1958 2088 
1463 1958 2088 
1464 1958 2088 
1465 1958 2088 
1466 1958 2088 
1467 1958 2088 
1468 1958 2088 
1469 1958 2088 
1470 1958 2088 
1471 1958 2088 
1472 1958 2088 
1473 1958 2088 
1474 1958 2088 
1475 1958 2088 
1476 1958 2088 
1477 1958 2088 
1478 1958 2088 
1479 1958 2088 
1480 1958 2088 
1481 1958 2088 
1482 1958 2088 
1483 1958 2088 
1484 1958 2088 
1485 1958 2088 
1486 1958 2088 
1487 1958 2088 
1488 1958 2088 
1489 1958 2088 
1490 1958 2088 
1491 1958 2088 
1492 1958 2088 
1493 1958 2088 
1494 1958 2088 
1495 1958 2088 
1496 1958 2088 
1497 1958 2088 
1498 1958 2088 
1499 1958 2088 
1500 1958 2088 
1501 1958 2088 
1502 1958 2088 
1503 1958 2088 
1504 1958 2088 
1505 1958 2088 
1506 1958 2088 
1507 1958 2088 
1508 1958 2088 
1509 1958 2088 
1510 1958 2088 
1511 1958 2088 
1512 1958 2088 
1513 1958 2088 
1514 1958 2088 
1515 1958 2088 
1516 1958 2088 
1517 1958 2088 
1518 1958 2088 
1519 1958 2088 
1520 1958 2088 
1521 1958 2088 
1522 1958 2088 
1523 1958 2088 
1524 1958 2088 
1525 1958 2088 
1526 1958 2088 
1527 1958 2088 
1528 1958 2088 
1529 1958 2088 
1530 1958 2088 
1531 1958 2088 
1532 1958 2088 
1533 1958 2088 
1534 1958 2088 
1535 1958 2088 
1536 1958 2088 
1537 1958 2088 
1538 1958 2088 
1539 1958 2088 
1540 1958 2088 
1541 1958 2088 
1542 1958 2088 
1543 1958 2088 
1544 1958 2088 
1545 1958 2088 
1546 1958 2088 
1547 1958 2088 
1548 1958 2088 
1549 1958 2088 
1550 1958 2088 
1551 1958 2088 
1552 1958 2088 
1553 1958 2088 
1554 1958 2088 
1555 1958 2088 
1556 1958 2088 
1557 1958 2088 
1558 1958 2088 
1559 1958 2088 
1560 1958 2088 
1561 1958 2088 
1562 1958 2088 
1563 1958 2088 
1564 1958 2088 
1565 1958 2088 
1566 1958 2088 
1567 1958 2088 
1568 1958 2088 
1569 1958 2088 
1570 1958 2088 
1571 1958 2088 
1572 1958 2088 
1573 1958 2088 
1574 1958 2088 
1575 1958 2088 
1576 1958 2088 
1577 1958 2088 
1578 1958 2088 
1579 1958 2088 
1580 1958 2088 
1581 1958 2088 
1582 1958 2088 
1583 1958 2088 
1584 1958 2088 
1585 1958 2088 
1586 1958 2088 
1587 1958 2088 
1588 1958 2088 
1589 1958 2088 
1590 1958 2088 
1591 1958 2088 
1592 1958 2088 
1593 1958 2088 
1594 1958 2088 
1595 1958 2088 
1596 1958 2088 
1597 1958 2088 
1598 1958 2088 
1599 1958 2088 
1600 1958 2088 
1601 1958 2088 
1602 1958 2088 
1603 1958 2088 
1604 1958 2088 
1605 1958 2088 
1606 1958 2088 
1607 1958 2088 
1608 1958 2088 
1609 1958 2088 
1610 1958 2088 
1611 1958 2088 
1612 1958 2088 
1613 1958 2088 
1614 1958 2088 
1615 1958 2088 
1616 1958 2088 
1617 1958 2088 
1618 1958 2088 
1619 1958 2088 
1620 1958 2088 
1621 1958 2088 
1622 1958 2088 
1623 1958 2088 
1624 1958 2088 
1625 1958 2088 
1626 1958 2088 
1627 1958 2088 
1628 1958 2088 
1629 1958 2088 
1630 1958 2088 
1631 1958 2088 
1632 1958 2088 
1633 1958 2088 
1634 1958 2088 
1635 1958 2088 
1636 1958 2088 
1637 1958 2088 
1638 1958 2088 
1639 1958 2088 
1640 1958 2088 
1641 1958 2088 
1642 1958 2088 
1643 1958 2088 
1644 1958 2088 
1645 1958 2088 
1646 1958 2088 
1647 1958 2088 
1648 1958 2088 
1649 1958 2088 
1650 1958 2088 
1651 1958 2088 
1652 1958 2088 
1653 1958 2088 
1654 1958 2088 
1655 1958 2088 
1656 1958 2088 
1657 1958 2088 
1658 1958 2088 
1659 1958 2088 
1660 1958 2088 
1661 1958 2088 
1662 1958 2088 
1663 1958 2088 
1664 1958 2088 
1665 1958 2088 
1666 1958 2088 
1667 1958 2088 
1668 1958 2088 
1669 1958 2088 
1670 1958 2088 
1671 1958 2088 
1672 1958 2088 
1673 1958 2088 
1674 1958 2088 
1675 1958 2088 
1676 1958 2088 
1677 1958 2088 
1678 1958 2088 
1679 1958 2088 
1680 1958 2088 
1681 1958 2088 
1682 1958 2088 
1683 1958 2088 
1684 1958 2088 
1685 1958 2088 
1686 1958 2088 
1687 1958 2088 
1688 1958 2088 
1689 1958 2088 
1690 1958 2088 
1691 1958 2088 
1692 1958 2088 
1693 1958 2088 
1694 1958 2088 
1695 1958 2088 
1696 1958 2088 
1697 1958 2088 
1698 1958 2088 
1699 1958 2088 
1700 1958 2088 
1701 1958 2088 
1702 1958 2088 
1703 1958 2088 
1704 1958 2088 
1705 1958 2088 
1706 1958 2088 
1707 1958 2088 
1708 1958 2088 
1709 1958 2088 
1710 1958 2088 
1711 1958 2088 
1712 1958 2088 
1713 1958 2088 
1714 1958 2088 
1715 1958 2088 
1716 1958 2088 
1717 1958 2088 
1718 1958 2088 
1719 1958 2088 
1720 1958 2088 
1721 1958 2088 
1722 1958 2088 
1723 1958 2088 
1724 1958 2088 
1725 1958 2088 
1726 1958 2088 
1727 1958 2088 
1728 1958 2088 
1729 1958 2088 
1730 1958 2088 
1731 1958 2088 
1732 1958 2088 
1733 1958 2088 
1734 1958 2088 
1735 1958 2088 
1736 1958 2088 
1737 1958 2088 
1738 1958 2088 
1739 1958 2088 
1740 1958 2088 
1741 1958 2088 
1742 1958 2088 
1743 1958 2088 
1744 1958 2088 
1745 1958 2088 
1746 1958 2088 
1747 1958 2088 
1748 1958 2088 
1749 1958 2088 
1750 1958 2088 
1751 1958 2088 
1752 1958 2088 
1753 1958 2088 
1754 1958 2088 
1755 1958 2088 
1756 1958 2088 
1757 1958 2088 
1758 1958 2088 
1759 1958 2088 
1760 1958 2088 
1761 1958 2088 
1762 1958 2088 
1763 1958 2088 
1764 1958 2088 
1765 1958 2088 
1766 1958 2088 
1767 1958 2088 
1768 1958 2088 
1769 1958 2088 
1770 1958 2088 
1771 1958 2088 
1772 1958 2088 
1773 1958 2088 
1774 1958 2088 
1775 1958 2088 
1776 1958 2088 
1777 1958 2088 
1778 1958 2088 
1779 1958 2088 
1780 1958 2088 
1781 1958 2088 
1782 1958 2088 
1783 1958 2088 
1784 1958 2088 
1785 1958 2088 
1786 1958 2088 
1787 1958 2088 
1788 1958 2088 
1789 1958 2088 
1790 1958 2088 
1791 1958 2088 
1792 1958 2088 
1793 1958 2088 
1794 1958 2088 
1795 1958 2088 
1796 1958 2088 
1797 1958 2088 
1798 1958 2088 
1799 1958 2088 
1800 1958 2088 
1801 1958 2088 
1802 1958 2088 
1803 1958 2088 
1804 1958 2088 
1805 1958 2088 
1806 1958 2088 
1807 1958 2088 
1808 1958 2088 
1809 1958 2088 
1810 1958 2088 
1811 1958 2088 
1812 1958 2088 
1813 1958 2088 
1814 1958 2088 
1815 1958 2088 
1816 1958 2088 
1817 1958 2088 
1818 1958 2088 
1819 1958 2088 
1820 1958 2088 
1821 1958 2088 
1822 1958 2088 
1823 1958 2088 
1824 1958 2088 
1825 1958 2088 
1826 1958 2088 
1827 1958 2088 
1828 1958 2088 
1829 1958 2088 
1830 1958 2088 
1831 1958 2088 
1832 1958 2088 
1833 1958 2088 
1834 1958 2088 
1835 1958 2088 
1836 1958 2088 
1837 1958 2088 
1838 1958 2088 
1839 1958 2088 
1840 1958 2088 
1841 1958 2088 
1842 1958 2088 
1843 1958 2088 
1844 1958 2088 
1845 1958 2088 
1846 1958 2088 
1847 1958 2088 
1848 1958 2088 
1849 1958 2088 
1850 1958 2088 
1851 1958 2088 
1852 1958 2088 
1853 1958 2088 
1854 1958 2088 
1855 1958 2088 
1856 1958 2088 
1857 1958 2088 
1858 1958 2088 
1859 1958 2088 
1860 1958 2088 
1861 1958 2088 
1862 1958 2088 
1863 1958 2088 
1864 1958 2088 
1865 1958 2088 
1866 1958 2088 
1867 1958 2088 
1868 1958 2088 
1869 1958 2088 
1870 1958 2088 
1871 1958 2088 
1872 1958 2088 
1873 1958 2088 
1874 1958 2088 
1875 1958 2088 
1876 1958 2088 
1877 1958 2088 
1878 1958 2088 
1879 1958 2088 
1880 1958 2088 
1881 1958 2088 
1882 1958 2088 
1883 1958 2088 
1884 1958 2088 
1885 1958 2088 
1886 1958 2088 
1887 1958 2088 
1888 1958 2088 
1889 1958 2088 
1890 1958 2088 
1891 1958 2088 
1892 1958 2088 
1893 1958 2088 
1894 1958 2088 
1895 1958 2088 
1896 1958 2088 
1897 1958 2088 
1898 1958 2088 
1899 1958 2088 
1900 1958 2088 
1901 1958 2088 
1902 1958 2088 
1903 1958 2088 
1904 1958 2088 
1905 1958 2088 
1906 1958 2088 
1907 1958 2088 
1908 1958 2088 
1909 1958 2088 
1910 1958 2088 
1911 1958 2088 
1912 1958 2088 
1913 1958 2088 
1914 1958 2088 
1915 1958 2088 
1916 1958 2088 
1917 1958 2088 
1918 1958 2088 
1919 1958 2088 
1920 1958 2088 
1921 1958 2088 
1922 1958 2088 
1923 1958 2088 
1924 1958 2088 
1925 1958 2088 
1926 1958 2088 
1927 1958 2088 
1928 1958 2088 
1929 1958 2088 
1930 1958 2088 
1931 1958 2088 
1932 1958 2088 
1933 1958 2088 
1934 1958 2088 
1935 1958 2088 
1936 1958 2088 
1937 1958 2088 
1938 1958 2088 
1939 1958 2088 
1940 1958 2088 
1941 1958 2088 
1942 1958 2088 
1943 1958 2088 
1944 1958 2088 
1945 1958 2088 
1946 1958 2088 
1947 1958 2088 
1948 1958 2088 
1949 1958 2088 
1950 1958 2088 
1951 1958 2088 
1952 1958 2088 
1953 1958 2088 
1954 1958 2088 
1955 1958 2088 
1956 1958 2088 
1957 1958 2088 
1958 1959 16720 
1958 1960 16720 
1958 1961 16720 
1958 1962 16720 
1958 1963 16720 
1958 1964 16720 
1958 1965 16720 
1958 1966 16720 
1958 1967 16720 
1958 1968 16720 
1958 1969 16720 
1958 1970 16720 
1958 1971 16720 
1958 1972 16720 
1958 1973 16720 
1958 1974 16720 
1958 1975 16720 
1958 1976 16720 
1958 1977 16720 
1958 1978 16720 
1958 1979 16720 
1958 1980 16720 
1958 1981 16720 
1958 1982 16720 
1958 1983 16720 
1958 1984 16720 
1958 1985 16720 
1958 1986 16720 
1958 1987 16720 
1958 1988 16720 
1958 1989 16720 
1958 1990 16720 
1958 1991 16720 
1958 1992 16720 
1958 1993 16720 
1958 1994 16720 
1958 1995 16720 
1958 1996 16720 
1958 1997 16720 
1958 1998 16720 
1958 1999 16720 
1958 2000 16720 
1958 2001 16720 
1958 2002 16720 
1958 2003 16720 
1958 2004 16720 
1958 2005 16720 
1958 2006 16720 
1958 2007 16720 
1958 2008 16720 
1958 2009 16720 
1958 2010 16720 
1958 2011 16720 
1958 2012 16720 
1958 2013 16720 
1958 2014 16720 
1958 2015 16720 
1958 2016 16720 
1958 2017 16720 
1958 2018 16720 
1958 2019 16720 
1958 2020 16720 
1958 2021 16720 
1958 2022 16720 
1958 2023 16720 
1958 2024 16720 
1958 2025 16720 
1958 2026 16720 
1958 2027 16720 
1958 2028 16720 
1958 2029 16720 
1958 2030 16720 
1958 2031 16720 
1958 2032 16720 
1958 2033 16720 
1958 2034 16720 
1958 2035 16720 
1958 2036 16720 
1958 2037 16720 
1958 2038 16720 
1958 2039 16720 
1958 2040 16720 
1958 2041 16720 
1958 2042 16720 
1958 2043 16720 
1958 2044 16720 
1958 2045 16720 
1958 2046 16720 
1958 2047 16720 
1958 2048 16720 
1958 2049 16720 
1958 2050 16720 
1958 2051 16720 
1958 2052 16720 
1958 2053 16720 
1958 2054 16720 
1958 2055 16720 
1958 2056 16720 
1958 2057 16720 
1958 2058 16720 
1958 2059 16720 
1958 2060 16720 
1958 2061 16720 
1958 2062 16720 
1958 2063 16720 
1958 2064 16720 
1958 2065 16720 
1958 2066 16720 
1958 2067 16720 
1958 2068 16720 
1958 2069 16720 
1958 2070 16720 
1958 2071 16720 
1958 2072 16720 
1958 2073 16720 
1958 2074 16720 
1958 2075 16720 
1958 2076 16720 
1958 2077 16720 
1958 2078 16720 
1958 2079 16720 
1958 2080 16720 
1958 2081 16720 
1958 2082 16720 
1958 2083 16720 
1958 2084 16720 
1958 2085 16720 
1958 2086 16720 
1958 2087 16720 
1958 2088 16720 
1958 2089 16720 
1958 2090 16720 
1958 2091 16720 
1958 2092 16720 
1958 2093 16720 
1958 2094 16720 
1958 2095 16720 
1958 2096 16720 
1958 2097 16720 
1958 2098 16720 
1958 2099 16720 
1958 2100 16720 
1958 2101 16720 
1958 2102 16720 
1958 2103 16720 
1958 2104 16720 
1958 2105 16720 
1958 2106 16720 
1958 2107 16720 
1958 2108 16720 
1958 2109 16720 
1958 2110 16720 
1958 2111 16720 
1958 2112 16720 
1958 2113 16720 
1958 2114 16720 
1958 2115 16720 
1958 2116 16720 
1958 2117 16720 
1958 2118 16720 
1958 2119 16720 
1958 2120 16720 
1958 2121 16720 
1958 2122 16720 
1958 2123 16720 
1958 2124 16720 
1958 2125 16720 
1958 2126 16720 
1958 2127 16720 
1958 2128 16720 
1958 2129 16720 
1958 2130 16720 
1958 2131 16720 
1958 2132 16720 
1958 2133 16720 
1958 2134 16720 
1958 2135 16720 
1958 2136 16720 
1958 2137 16720 
1958 2138 16720 
1958 2139 16720 
1958 2140 16720 
1958 2141 16720 
1958 2142 16720 
1958 2143 16720 
1958 2144 16720 
1958 2145 16720 
1958 2146 16720 
1958 2147 16720 
1958 2148 16720 
1958 2149 16720 
1958 2150 16720 
1958 2151 16720 
1958 2152 16720 
1958 2153 16720 
1958 2154 16720 
1958 2155 16720 
1958 2156 16720 
1958 2157 16720 
1958 2158 16720 
1958 2159 16720 
1958 2160 16720 
1958 2161 16720 
1958 2162 16720 
1958 2163 16720 
1958 2164 16720 
1958 2165 16720 
1958 2166 16720 
1958 2167 16720 
1958 2168 16720 
1958 2169 16720 
1958 2170 16720 
1958 2171 16720 
1958 2172 16720 
1958 2173 16720 
1958 2174 16720 
1958 2175 16720 
1958 2176 16720 
1958 2177 16720 
1958 2178 16720 
1958 2179 16720 
1958 2180 16720 
1958 2181 16720 
1958 2182 16720 
1958 2183 16720 
1958 2184 16720 
1958 2185 16720 
1958 2186 16720 
1958 2187 16720 
1958 2188 16720 
1958 2189 16720 
1958 2190 16720 
1958 2191 16720 
1958 2192 16720 
1958 2193 16720 
1958 2194 16720 
1958 2195 16720 
1958 2196 16720 
1958 2197 16720 
1958 2198 16720 
1958 2199 16720 
1958 2200 16720 
1958 2201 16720 
1958 2202 16720 
1958 2203 16720 
1958 2204 16720 
1958 2205 16720 
1958 2206 16720 
1958 2207 16720 
1958 2208 16720 
1958 2209 16720 
1958 2210 16720 
1958 2211 16720 
1958 2212 16720 
1958 2213 16720 
1958 2214 16720 
1958 2215 16720 
1958 2216 16720 
1958 2217 16720 
1958 2218 16720 
1958 2219 16720 
1958 2220 16720 
1958 2221 16720 
1958 2222 16720 
1958 2223 16720 
1958 2224 16720 
1958 2225 16720 
1958 2226 16720 
1958 2227 16720 
1958 2228 16720 
1958 2229 16720 
1958 2230 16720 
1958 2231 16720 
1958 2232 16720 
1958 2233 16720 
1958 2234 16720 
1958 2235 16720 
1958 2236 16720 
1958 2237 16720 
1958 2238 16720 
1958 2239 16720 
1958 2240 16720 
1958 2241 16720 
1958 2242 16720 
1958 2243 16720 
1958 2244 16720 
1958 2245 16720 
1958 2246 16720 
1958 2247 16720 
1958 2248 16720 
1958 2249 16720 
1958 2250 16720 
1958 2251 16720 
1958 2252 16720 
1958 2253 16720 
1958 2254 16720 
1958 2255 16720 
1958 2256 16720 
1958 2257 16720 
1958 2258 16720 
1958 2259 16720 
1958 2260 16720 
1958 2261 16720 
1958 2262 16720 
1958 2263 16720 
1958 2264 16720 
1958 2265 16720 
1958 2266 16720 
1958 2267 16720 
1958 2268 16720 
1958 2269 16720 
1958 2270 16720 
1958 2271 16720 
1958 2272 16720 
1958 2273 16720 
1958 2274 16720 
1958 2275 16720 
1958 2276 16720 
1958 2277 16720 
1958 2278 16720 
1958 2279 16720 
1958 2280 16720 
1958 2281 16720 
1958 2282 16720 
1958 2283 16720 
1958 2284 16720 
1958 2285 16720 
1958 2286 16720 
1958 2287 16720 
1958 2288 16720 
1958 2289 16720 
1958 2290 16720 
1958 2291 16720 
1958 2292 16720 
1958 2293 16720 
1958 2294 16720 
1958 2295 16720 
1958 2296 16720 
1958 2297 16720 
1958 2298 16720 
1958 2299 16720 
1958 2300 16720 
1958 2301 16720 
1958 2302 16720 
1958 2303 16720 
1958 2304 16720 
1958 2305 16720 
1958 2306 16720 
1958 2307 16720 
1958 2308 16720 
1958 2309 16720 
1958 2310 16720 
1958 2311 16720 
1958 2312 16720 
1958 2313 16720 
1958 2314 16720 
1958 2315 16720 
1958 2316 16720 
1958 2317 16720 
1958 2318 16720 
1958 2319 16720 
1958 2320 16720 
1958 2321 16720 
1958 2322 16720 
1958 2323 16720 
1958 2324 16720 
1958 2325 16720 
1958 2326 16720 
1958 2327 16720 
1958 2328 16720 
1958 2329 16720 
1958 2330 16720 
1958 2331 16720 
1958 2332 16720 
1958 2333 16720 
1958 2334 16720 
1958 2335 16720 
1958 2336 16720 
1958 2337 16720 
1958 2338 16720 
1958 2339 16720 
1958 2340 16720 
1958 2341 16720 
1958 2342 16720 
1958 2343 16720 
1958 2344 16720 
1958 2345 16720 
1958 2346 16720 
1958 2347 16720 
1958 2348 16720 
1958 2349 16720 
1958 2350 16720 
1958 2351 16720 
1958 2352 16720 
1958 2353 16720 
1958 2354 16720 
1958 2355 16720 
1958 2356 16720 
1958 2357 16720 
1958 2358 16720 
1958 2359 16720 
1958 2360 16720 
1958 2361 16720 
1958 2362 16720 
1958 2363 16720 
1958 2364 16720 
1958 2365 16720 
1958 2366 16720 
1958 2367 16720 
1958 2368 16720 
1958 2369 16720 
1958 2370 16720 
1958 2371 16720 
1958 2372 16720 
1958 2373 16720 
1958 2374 16720 
1958 2375 16720 
1958 2376 16720 
1958 2377 16720 
1958 2378 16720 
1958 2379 16720 
1958 2380 16720 
1958 2381 16720 
1958 2382 16720 
1958 2383 16720 
1958 2384 16720 
1958 2385 16720 
1958 2386 16720 
1958 2387 16720 
1958 2388 16720 
1958 2389 16720 
1958 2390 16720 
1958 2391 16720 
1958 2392 16720 
1958 2393 16720 
1958 2394 16720 
1958 2395 16720 
1958 2396 16720 
1958 2397 16720 
1958 2398 16720 
1958 2399 16720 
1958 2400 16720 
1958 2401 16720 
1958 2402 16720 
1958 2403 16720 
1958 2404 16720 
1958 2405 16720 
1958 2406 16720 
1958 2407 16720 
1958 2408 16720 
1958 2409 16720 
1958 2410 16720 
1958 2411 16720 
1958 2412 16720 
1958 2413 16720 
1958 2414 16720 
1958 2415 16720 
1958 2416 16720 
1958 2417 16720 
1958 2418 16720 
1958 2419 16720 
1958 2420 16720 
1958 2421 16720 
1958 2422 16720 
1958 2423 16720 
1958 2424 16720 
1958 2425 16720 
1958 2426 16720 
1958 2427 16720 
1958 2428 16720 
1958 2429 16720 
1958 2430 16720 
1958 2431 16720 
1958 2432 16720 
1958 2433 16720 
1958 2434 16720 
1958 2435 16720 
1958 2436 16720 
1958 2437 16720 
1958 2438 16720 
1958 2439 16720 
1958 2440 16720 
1958 2441 16720 
1958 2442 16720 
1958 2443 16720 
1958 2444 16720 
1958 2445 16720 
1958 2446 16720 
1958 2447 16720 
1958 2448 16720 
1958 2449 16720 
1958 2450 16720 
1958 2451 16720 
1958 2452 16720 
1958 2453 16720 
1958 2454 16720 
1958 2455 16720 
1958 2456 16720 
1958 2457 16720 
1958 2458 16720 
1958 2459 16720 
1958 2460 16720 
1958 2461 16720 
1958 2462 16720 
1958 2463 16720 
1958 2464 16720 
1958 2465 16720 
1958 2466 16720 
1958 2467 16720 
1958 2468 16720 
1958 2469 16720 
1958 2470 16720 
1958 2471 16720 
1958 2472 16720 
1958 2473 16720 
1958 2474 16720 
1958 2475 16720 
1958 2476 16720 
1958 2477 16720 
1958 2478 16720 
1958 2479 16720 
1958 2480 16720 
1958 2481 16720 
1958 2482 16720 
1958 2483 16720 
1958 2484 16720 
1958 2485 16720 
1958 2486 16720 
1958 2487 16720 
1958 2488 16720 
1958 2489 16720 
1958 2490 16720 
1958 2491 16720 
1958 2492 16720 
1958 2493 16720 
1958 2494 16720 
1958 2495 16720 
1958 2496 16720 
1958 2497 16720 
1958 2498 16720 
1958 2499 16720 
1958 2500 16720 
1958 2501 16720 
1958 2502 16720 
1958 2503 16720 
1958 2504 16720 
1958 2505 16720 
1958 2506 16720 
1958 2507 16720 
1958 2508 16720 
1958 2509 16720 
1958 2510 16720 
1958 2511 16720 
1958 2512 16720 
1958 2513 16720 
1958 2514 16720 
1958 2515 16720 
1958 2516 16720 
1958 2517 16720 
1958 2518 16720 
1958 2519 16720 
1958 2520 16720 
1958 2521 16720 
1958 2522 16720 
1958 2523 16720 
1958 2524 16720 
1958 2525 16720 
1958 2526 16720 
1958 2527 16720 
1958 2528 16720 
1958 2529 16720 
1958 2530 16720 
1958 2531 16720 
1958 2532 16720 
1958 2533 16720 
1958 2534 16720 
1958 2535 16720 
1958 2536 16720 
1958 2537 16720 
1958 2538 16720 
1958 2539 16720 
1958 2540 16720 
1958 2541 16720 
1958 2542 16720 
1958 2543 16720 
1958 2544 16720 
1958 2545 16720 
1958 2546 16720 
1958 2547 16720 
1958 2548 16720 
1958 2549 16720 
1958 2550 16720 
1958 2551 16720 
1958 2552 16720 
1958 2553 16720 
1958 2554 16720 
1958 2555 16720 
1958 2556 16720 
1958 2557 16720 
1958 2558 16720 
1958 2559 16720 
1958 2560 16720 
1958 2561 16720 
1958 2562 16720 
1958 2563 16720 
1958 2564 16720 
1958 2565 16720 
1958 2566 16720 
1958 2567 16720 
1958 2568 16720 
1958 2569 16720 
1958 2570 16720 
1958 2571 16720 
1958 2572 16720 
1958 2573 16720 
1958 2574 16720 
1958 2575 16720 
1958 2576 16720 
1958 2577 16720 
1958 2578 16720 
1958 2579 16720 
1958 2580 16720 
1958 2581 16720 
1958 2582 16720 
1958 2583 16720 
1958 2584 16720 
1958 2585 16720 
1958 2586 16720 
1958 2587 16720 
1958 2588 16720 
1958 2589 16720 
1958 2590 16720 
1958 2591 16720 
1958 2592 16720 
1958 2593 16720 
1958 2594 16720 
1958 2595 16720 
1958 2596 16720 
1958 2597 16720 
1958 2598 16720 
1958 2599 16720 
1958 2600 16720 
1958 2601 16720 
1958 2602 16720 
1958 2603 16720 
1958 2604 16720 
1958 2605 16720 
1958 2606 16720 
1958 2607 16720 
1958 2608 16720 
1958 2609 16720 
1958 2610 16720 
1958 2611 16720 
1958 2612 16720 
1958 2613 16720 
1958 2614 16720 
1958 2615 16720 
1958 2616 16720 
1958 2617 16720 
1958 2618 16720 
1958 2619 16720 
1958 2620 16720 
1958 2621 16720 
1958 2622 16720 
1958 2623 16720 
1958 2624 16720 
1958 2625 16720 
1958 2626 16720 
1958 2627 16720 
1958 2628 16720 
1958 2629 16720 
1958 2630 16720 
1958 2631 16720 
1958 2632 16720 
1958 2633 16720 
1958 2634 16720 
1958 2635 16720 
1958 2636 16720 
1958 2637 16720 
1958 2638 16720 
1958 2639 16720 
1958 2640 16720 
1958 2641 16720 
1958 2642 16720 
1958 2643 16720 
1958 2644 16720 
1958 2645 16720 
1958 2646 16720 
1958 2647 16720 
1958 2648 16720 
1958 2649 16720 
1958 2650 16720 
1958 2651 16720 
1958 2652 16720 
1958 2653 16720 
1958 2654 16720 
1958 2655 16720 
1958 2656 16720 
1958 2657 16720 
1958 2658 16720 
1958 2659 16720 
1958 2660 16720 
1958 2661 16720 
1958 2662 16720 
1958 2663 16720 
1958 2664 16720 
1958 2665 16720 
1958 2666 16720 
1958 2667 16720 
1958 2668 16720 
1958 2669 16720 
1958 2670 16720 
1958 2671 16720 
1958 2672 16720 
1958 2673 16720 
1958 2674 16720 
1958 2675 16720 
1958 2676 16720 
1958 2677 16720 
1958 2678 16720 
1958 2679 16720 
1958 2680 16720 
1958 2681 16720 
1958 2682 16720 
1958 2683 16720 
1958 2684 16720 
1958 2685 16720 
1958 2686 16720 
1958 2687 16720 
1958 2688 16720 
1958 2689 16720 
1958 2690 16720 
1958 2691 16720 
1958 2692 16720 
1958 2693 16720 
1958 2694 16720 
1958 2695 16720 
1958 2696 16720 
1958 2697 16720 
1958 2698 16720 
1958 2699 16720 
1958 2700 16720 
1958 2701 16720 
1958 2702 16720 
1958 2703 16720 
1958 2704 16720 
1958 2705 16720 
1958 2706 16720 
1958 2707 16720 
1958 2708 16720 
1958 2709 16720 
1958 2710 16720 
1958 2711 16720 
1958 2712 16720 
1958 2713 16720 
1958 2714 16720 
1958 2715 16720 
1958 2716 16720 
1958 2717 16720 
1958 2718 16720 
1958 2719 16720 
1958 2720 16720 
1958 2721 16720 
1958 2722 16720 
1958 2723 16720 
1958 2724 16720 
1958 2725 16720 
1958 2726 16720 
1958 2727 16720 
1958 2728 16720 
1958 2729 16720 
1958 2730 16720 
1958 2731 16720 
1958 2732 16720 
1958 2733 16720 
1958 2734 16720 
1958 2735 16720 
1958 2736 16720 
1958 2737 16720 
1958 2738 16720 
1958 2739 16720 
1958 2740 16720 
1958 2741 16720 
1958 2742 16720 
1958 2743 16720 
1958 2744 16720 
1958 2745 16720 
1958 2746 16720 
1958 2747 16720 
1958 2748 16720 
1958 2749 16720 
1958 2750 16720 
1958 2751 16720 
1958 2752 16720 
1958 2753 16720 
1958 2754 16720 
1958 2755 16720 
1958 2756 16720 
1958 2757 16720 
1958 2758 16720 
1958 2759 16720 
1958 2760 16720 
1958 2761 16720 
1958 2762 16720 
1958 2763 16720 
1958 2764 16720 
1958 2765 16720 
1958 2766 16720 
1958 2767 16720 
1958 2768 16720 
1958 2769 16720 
1958 2770 16720 
1958 2771 16720 
1958 2772 16720 
1958 2773 16720 
1958 2774 16720 
1958 2775 16720 
1958 2776 16720 
1958 2777 16720 
1958 2778 16720 
1958 2779 16720 
1958 2780 16720 
1958 2781 16720 
1958 2782 16720 
1958 2783 16720 
1958 2784 16720 
1958 2785 16720 
1958 2786 16720 
1958 2787 16720 
1958 2788 16720 
1958 2789 16720 
1958 2790 16720 
1958 2791 16720 
1958 2792 16720 
1958 2793 16720 
1958 2794 16720 
1958 2795 16720 
1958 2796 16720 
1958 2797 16720 
1958 2798 16720 
1958 2799 16720 
1958 2800 16720 
1958 2801 16720 
1958 2802 16720 
1958 2803 16720 
1958 2804 16720 
1958 2805 16720 
1958 2806 16720 
1958 2807 16720 
1958 2808 16720 
1958 2809 16720 
1958 2810 16720 
1958 2811 16720 
1958 2812 16720 
1958 2813 16720 
1958 2814 16720 
1958 2815 16720 
1958 2816 16720 
1958 2817 16720 
1958 2818 16720 
1958 2819 16720 
1958 2820 16720 
1958 2821 16720 
1958 2822 16720 
1958 2823 16720 
1958 2824 16720 
1958 2825 16720 
1958 2826 16720 
1958 2827 16720 
1958 2828 16720 
1958 2829 16720 
1958 2830 16720 
1958 2831 16720 
1958 2832 16720 
1958 2833 16720 
1958 2834 16720 
1958 2835 16720 
1958 2836 16720 
1958 2837 16720 
1958 2838 16720 
1958 2839 16720 
1958 2840 16720 
1958 2841 16720 
1958 2842 16720 
1958 2843 16720 
1958 2844 16720 
1958 2845 16720 
1958 2846 16720 
1958 2847 16720 
1958 2848 16720 
1958 2849 16720 
1958 2850 16720 
1958 2851 16720 
1958 2852 16720 
1958 2853 16720 
1958 2854 16720 
1958 2855 16720 
1958 2856 16720 
1958 2857 16720 
1958 2858 16720 
1958 2859 16720 
1958 2860 16720 
1958 2861 16720 
1958 2862 16720 
1958 2863 16720 
1958 2864 16720 
1958 2865 16720 
1958 2866 16720 
1958 2867 16720 
1958 2868 16720 
1958 2869 16720 
1958 2870 16720 
1958 2871 16720 
1958 2872 16720 
1958 2873 16720 
1958 2874 16720 
1958 2875 16720 
1958 2876 16720 
1958 2877 16720 
1958 2878 16720 
1958 2879 16720 
1958 2880 16720 
1958 2881 16720 
1958 2882 16720 
1958 2883 16720 
1958 2884 16720 
1958 2885 16720 
1958 2886 16720 
1958 2887 16720 
1958 2888 16720 
1958 2889 16720 
1958 2890 16720 
1958 2891 16720 
1958 2892 16720 
1958 2893 16720 
1958 2894 16720 
1958 2895 16720 
1958 2896 16720 
1958 2897 16720 
1958 2898 16720 
1958 2899 16720 
1958 2900 16720 
1958 2901 16720 
1958 2902 16720 
1958 2903 16720 
1958 2904 16720 
1958 2905 16720 
1958 2906 16720 
1958 2907 16720 
1958 2908 16720 
1958 2909 16720 
1958 2910 16720 
1958 2911 16720 
1958 2912 16720 
1958 2913 16720 
1958 2914 16720 
1958 2915 16720 
1958 2916 16720 
1958 2917 16720 
1958 2918 16720 
1958 2919 16720 
1958 2920 16720 
1958 2921 16720 
1958 2922 16720 
1958 2923 16720 
1958 2924 16720 
1958 2925 16720 
1958 2926 16720 
1958 2927 16720 
1958 2928 16720 
1958 2929 16720 
1958 2930 16720 
1958 2931 16720 
1958 2932 16720 
1958 2933 16720 
1958 2934 16720 
1958 2935 16720 
1958 2936 16720 
1958 2937 16720 
1958 2938 16720 
1958 2939 16720 
1958 2940 16720 
1958 2941 16720 
1958 2942 16720 
1958 2943 16720 
1958 2944 16720 
1958 2945 16720 
1958 2946 16720 
1958 2947 16720 
1958 2948 16720 
1958 2949 16720 
1958 2950 16720 
1958 2951 16720 
1958 2952 16720 
1958 2953 16720 
1958 2954 16720 
1958 2955 16720 
1958 2956 16720 
1958 2957 16720 
1958 2958 16720 
1958 2959 16720 
1958 2960 16720 
1958 2961 16720 
1958 2962 16720 
1958 2963 16720 
1958 2964 16720 
1958 2965 16720 
1958 2966 16720 
1958 2967 16720 
1958 2968 16720 
1958 2969 16720 
1958 2970 16720 
1958 2971 16720 
1958 2972 16720 
1958 2973 16720 
1958 2974 16720 
1958 2975 16720 
1958 2976 16720 
1958 2977 16720 
1958 2978 16720 
1958 2979 16720 
1958 2980 16720 
1958 2981 16720 
1958 2982 16720 
1958 2983 16720 
1958 2984 16720 
1958 2985 16720 
1958 2986 16720 
1958 2987 16720 
1958 2988 16720 
1958 2989 16720 
1958 2990 16720 
1958 2991 16720 
1958 2992 16720 
1958 2993 16720 
1958 2994 16720 
1958 2995 16720 
1958 2996 16720 
1958 2997 16720 
1958 2998 16720 
1958 2999 16720 
1958 3000 16720 
1958 3001 16720 
1958 3002 16720 
1958 3003 16720 
1958 3004 16720 
1958 3005 16720 
1958 3006 16720 
1958 3007 16720 
1958 3008 16720 
1958 3009 16720 
1958 3010 16720 
1958 3011 16720 
1958 3012 16720 
1958 3013 16720 
1958 3014 16720 
1958 3015 16720 
1958 3016 16720 
1958 3017 16720 
1958 3018 16720 
1958 3019 16720 
1958 3020 16720 
1958 3021 16720 
1958 3022 16720 
1958 3023 16720 
1958 3024 16720 
1958 3025 16720 
1958 3026 16720 
1958 3027 16720 
1958 3028 16720 
1958 3029 16720 
1958 3030 16720 
1958 3031 16720 
1958 3032 16720 
1958 3033 16720 
1958 3034 16720 
1958 3035 16720 
1958 3036 16720 
1958 3037 16720 
1958 3038 16720 
1958 3039 16720 
1958 3040 16720 
1958 3041 16720 
1958 3042 16720 
1958 3043 16720 
1958 3044 16720 
1958 3045 16720 
1958 3046 16720 
1958 3047 16720 
1958 3048 16720 
1958 3049 16720 
1958 3050 16720 
1958 3051 16720 
1958 3052 16720 
1958 3053 16720 
1958 3054 16720 
1958 3055 16720 
1958 3056 16720 
1958 3057 16720 
1958 3058 16720 
1958 3059 16720 
1958 3060 16720 
1958 3061 16720 
1958 3062 16720 
1958 3063 16720 
1958 3064 16720 
1958 3065 16720 
1958 3066 16720 
1958 3067 16720 
1958 3068 16720 
1958 3069 16720 
1958 3070 16720 
1958 3071 16720 
1958 3072 16720 
1958 3073 16720 
1958 3074 16720 
1958 3075 16720 
1958 3076 16720 
1958 3077 16720 
1958 3078 16720 
1958 3079 16720 
1958 3080 16720 
1958 3081 16720 
1958 3082 16720 
1958 3083 16720 
1958 3084 16720 
1958 3085 16720 
1958 3086 16720 
1958 3087 16720 
1958 3088 16720 
1958 3089 16720 
1958 3090 16720 
1958 3091 16720 
1958 3092 16720 
1958 3093 16720 
1958 3094 16720 
1958 3095 16720 
1958 3096 16720 
1958 3097 16720 
1958 3098 16720 
1958 3099 16720 
1958 3100 16720 
1958 3101 16720 
1958 3102 16720 
1958 3103 16720 
1958 3104 16720 
1958 3105 16720 
1958 3106 16720 
1958 3107 16720 
1958 3108 16720 
1958 3109 16720 
1958 3110 2088 
1959 3110 2088 
1960 3110 2088 
1961 3110 2088 
1962 3110 2088 
1963 3110 2088 
1964 3110 2088 
1965 3110 2088 
1966 3110 2088 
1967 3110 2088 
1968 3110 2088 
1969 3110 2088 
1970 3110 2088 
1971 3110 2088 
1972 3110 2088 
1973 3110 2088 
1974 3110 2088 
1975 3110 2088 
1976 3110 2088 
1977 3110 2088 
1978 3110 2088 
1979 3110 2088 
1980 3110 2088 
1981 3110 2088 
1982 3110 2088 
1983 3110 2088 
1984 3110 2088 
1985 3110 2088 
1986 3110 2088 
1987 3110 2088 
1988 3110 2088 
1989 3110 2088 
1990 3110 2088 
1991 3110 2088 
1992 3110 2088 
1993 3110 2088 
1994 3110 2088 
1995 3110 2088 
1996 3110 2088 
1997 3110 2088 
1998 3110 2088 
1999 3110 2088 
2000 3110 2088 
2001 3110 2088 
2002 3110 2088 
2003 3110 2088 
2004 3110 2088 
2005 3110 2088 
2006 3110 2088 
2007 3110 2088 
2008 3110 2088 
2009 3110 2088 
2010 3110 2088 
2011 3110 2088 
2012 3110 2088 
2013 3110 2088 
2014 3110 2088 
2015 3110 2088 
2016 3110 2088 
2017 3110 2088 
2018 3110 2088 
2019 3110 2088 
2020 3110 2088 
2021 3110 2088 
2022 3110 2088 
2023 3110 2088 
2024 3110 2088 
2025 3110 2088 
2026 3110 2088 
2027 3110 2088 
2028 3110 2088 
2029 3110 2088 
2030 3110 2088 
2031 3110 2088 
2032 3110 2088 
2033 3110 2088 
2034 3110 2088 
2035 3110 2088 
2036 3110 2088 
2037 3110 2088 
2038 3110 2088 
2039 3110 2088 
2040 3110 2088 
2041 3110 2088 
2042 3110 2088 
2043 3110 2088 
2044 3110 2088 
2045 3110 2088 
2046 3110 2088 
2047 3110 2088 
2048 3110 2088 
2049 3110 2088 
2050 3110 2088 
2051 3110 2088 
2052 3110 2088 
2053 3110 2088 
2054 3110 2088 
2055 3110 2088 
2056 3110 2088 
2057 3110 2088 
2058 3110 2088 
2059 3110 2088 
2060 3110 2088 
2061 3110 2088 
2062 3110 2088 
2063 3110 2088 
2064 3110 2088 
2065 3110 2088 
2066 3110 2088 
2067 3110 2088 
2068 3110 2088 
2069 3110 2088 
2070 3110 2088 
2071 3110 2088 
2072 3110 2088 
2073 3110 2088 
2074 3110 2088 
2075 3110 2088 
2076 3110 2088 
2077 3110 2088 
2078 3110 2088 
2079 3110 2088 
2080 3110 2088 
2081 3110 2088 
2082 3110 2088 
2083 3110 2088 
2084 3110 2088 
2085 3110 2088 
2086 3110 2088 
2087 3110 2088 
2088 3110 2088 
2089 3110 2088 
2090 3110 2088 
2091 3110 2088 
2092 3110 2088 
2093 3110 2088 
2094 3110 2088 
2095 3110 2088 
2096 3110 2088 
2097 3110 2088 
2098 3110 2088 
2099 3110 2088 
2100 3110 2088 
2101 3110 2088 
2102 3110 2088 
2103 3110 2088 
2104 3110 2088 
2105 3110 2088 
2106 3110 2088 
2107 3110 2088 
2108 3110 2088 
2109 3110 2088 
2110 3110 2088 
2111 3110 2088 
2112 3110 2088 
2113 3110 2088 
2114 3110 2088 
2115 3110 2088 
2116 3110 2088 
2117 3110 2088 
2118 3110 2088 
2119 3110 2088 
2120 3110 2088 
2121 3110 2088 
2122 3110 2088 
2123 3110 2088 
2124 3110 2088 
2125 3110 2088 
2126 3110 2088 
2127 3110 2088 
2128 3110 2088 
2129 3110 2088 
2130 3110 2088 
2131 3110 2088 
2132 3110 2088 
2133 3110 2088 
2134 3110 2088 
2135 3110 2088 
2136 3110 2088 
2137 3110 2088 
2138 3110 2088 
2139 3110 2088 
2140 3110 2088 
2141 3110 2088 
2142 3110 2088 
2143 3110 2088 
2144 3110 2088 
2145 3110 2088 
2146 3110 2088 
2147 3110 2088 
2148 3110 2088 
2149 3110 2088 
2150 3110 2088 
2151 3110 2088 
2152 3110 2088 
2153 3110 2088 
2154 3110 2088 
2155 3110 2088 
2156 3110 2088 
2157 3110 2088 
2158 3110 2088 
2159 3110 2088 
2160 3110 2088 
2161 3110 2088 
2162 3110 2088 
2163 3110 2088 
2164 3110 2088 
2165 3110 2088 
2166 3110 2088 
2167 3110 2088 
2168 3110 2088 
2169 3110 2088 
2170 3110 2088 
2171 3110 2088 
2172 3110 2088 
2173 3110 2088 
2174 3110 2088 
2175 3110 2088 
2176 3110 2088 
2177 3110 2088 
2178 3110 2088 
2179 3110 2088 
2180 3110 2088 
2181 3110 2088 
2182 3110 2088 
2183 3110 2088 
2184 3110 2088 
2185 3110 2088 
2186 3110 2088 
2187 3110 2088 
2188 3110 2088 
2189 3110 2088 
2190 3110 2088 
2191 3110 2088 
2192 3110 2088 
2193 3110 2088 
2194 3110 2088 
2195 3110 2088 
2196 3110 2088 
2197 3110 2088 
2198 3110 2088 
2199 3110 2088 
2200 3110 2088 
2201 3110 2088 
2202 3110 2088 
2203 3110 2088 
2204 3110 2088 
2205 3110 2088 
2206 3110 2088 
2207 3110 2088 
2208 3110 2088 
2209 3110 2088 
2210 3110 2088 
2211 3110 2088 
2212 3110 2088 
2213 3110 2088 
2214 3110 2088 
2215 3110 2088 
2216 3110 2088 
2217 3110 2088 
2218 3110 2088 
2219 3110 2088 
2220 3110 2088 
2221 3110 2088 
2222 3110 2088 
2223 3110 2088 
2224 3110 2088 
2225 3110 2088 
2226 3110 2088 
2227 3110 2088 
2228 3110 2088 
2229 3110 2088 
2230 3110 2088 
2231 3110 2088 
2232 3110 2088 
2233 3110 2088 
2234 3110 2088 
2235 3110 2088 
2236 3110 2088 
2237 3110 2088 
2238 3110 2088 
2239 3110 2088 
2240 3110 2088 
2241 3110 2088 
2242 3110 2088 
2243 3110 2088 
2244 3110 2088 
2245 3110 2088 
2246 3110 2088 
2247 3110 2088 
2248 3110 2088 
2249 3110 2088 
2250 3110 2088 
2251 3110 2088 
2252 3110 2088 
2253 3110 2088 
2254 3110 2088 
2255 3110 2088 
2256 3110 2088 
2257 3110 2088 
2258 3110 2088 
2259 3110 2088 
2260 3110 2088 
2261 3110 2088 
2262 3110 2088 
2263 3110 2088 
2264 3110 2088 
2265 3110 2088 
2266 3110 2088 
2267 3110 2088 
2268 3110 2088 
2269 3110 2088 
2270 3110 2088 
2271 3110 2088 
2272 3110 2088 
2273 3110 2088 
2274 3110 2088 
2275 3110 2088 
2276 3110 2088 
2277 3110 2088 
2278 3110 2088 
2279 3110 2088 
2280 3110 2088 
2281 3110 2088 
2282 3110 2088 
2283 3110 2088 
2284 3110 2088 
2285 3110 2088 
2286 3110 2088 
2287 3110 2088 
2288 3110 2088 
2289 3110 2088 
2290 3110 2088 
2291 3110 2088 
2292 3110 2088 
2293 3110 2088 
2294 3110 2088 
2295 3110 2088 
2296 3110 2088 
2297 3110 2088 
2298 3110 2088 
2299 3110 2088 
2300 3110 2088 
2301 3110 2088 
2302 3110 2088 
2303 3110 2088 
2304 3110 2088 
2305 3110 2088 
2306 3110 2088 
2307 3110 2088 
2308 3110 2088 
2309 3110 2088 
2310 3110 2088 
2311 3110 2088 
2312 3110 2088 
2313 3110 2088 
2314 3110 2088 
2315 3110 2088 
2316 3110 2088 
2317 3110 2088 
2318 3110 2088 
2319 3110 2088 
2320 3110 2088 
2321 3110 2088 
2322 3110 2088 
2323 3110 2088 
2324 3110 2088 
2325 3110 2088 
2326 3110 2088 
2327 3110 2088 
2328 3110 2088 
2329 3110 2088 
2330 3110 2088 
2331 3110 2088 
2332 3110 2088 
2333 3110 2088 
2334 3110 2088 
2335 3110 2088 
2336 3110 2088 
2337 3110 2088 
2338 3110 2088 
2339 3110 2088 
2340 3110 2088 
2341 3110 2088 
2342 3110 2088 
2343 3110 2088 
2344 3110 2088 
2345 3110 2088 
2346 3110 2088 
2347 3110 2088 
2348 3110 2088 
2349 3110 2088 
2350 3110 2088 
2351 3110 2088 
2352 3110 2088 
2353 3110 2088 
2354 3110 2088 
2355 3110 2088 
2356 3110 2088 
2357 3110 2088 
2358 3110 2088 
2359 3110 2088 
2360 3110 2088 
2361 3110 2088 
2362 3110 2088 
2363 3110 2088 
2364 3110 2088 
2365 3110 2088 
2366 3110 2088 
2367 3110 2088 
2368 3110 2088 
2369 3110 2088 
2370 3110 2088 
2371 3110 2088 
2372 3110 2088 
2373 3110 2088 
2374 3110 2088 
2375 3110 2088 
2376 3110 2088 
2377 3110 2088 
2378 3110 2088 
2379 3110 2088 
2380 3110 2088 
2381 3110 2088 
2382 3110 2088 
2383 3110 2088 
2384 3110 2088 
2385 3110 2088 
2386 3110 2088 
2387 3110 2088 
2388 3110 2088 
2389 3110 2088 
2390 3110 2088 
2391 3110 2088 
2392 3110 2088 
2393 3110 2088 
2394 3110 2088 
2395 3110 2088 
2396 3110 2088 
2397 3110 2088 
2398 3110 2088 
2399 3110 2088 
2400 3110 2088 
2401 3110 2088 
2402 3110 2088 
2403 3110 2088 
2404 3110 2088 
2405 3110 2088 
2406 3110 2088 
2407 3110 2088 
2408 3110 2088 
2409 3110 2088 
2410 3110 2088 
2411 3110 2088 
2412 3110 2088 
2413 3110 2088 
2414 3110 2088 
2415 3110 2088 
2416 3110 2088 
2417 3110 2088 
2418 3110 2088 
2419 3110 2088 
2420 3110 2088 
2421 3110 2088 
2422 3110 2088 
2423 3110 2088 
2424 3110 2088 
2425 3110 2088 
2426 3110 2088 
2427 3110 2088 
2428 3110 2088 
2429 3110 2088 
2430 3110 2088 
2431 3110 2088 
2432 3110 2088 
2433 3110 2088 
2434 3110 2088 
2435 3110 2088 
2436 3110 2088 
2437 3110 2088 
2438 3110 2088 
2439 3110 2088 
2440 3110 2088 
2441 3110 2088 
2442 3110 2088 
2443 3110 2088 
2444 3110 2088 
2445 3110 2088 
2446 3110 2088 
2447 3110 2088 
2448 3110 2088 
2449 3110 2088 
2450 3110 2088 
2451 3110 2088 
2452 3110 2088 
2453 3110 2088 
2454 3110 2088 
2455 3110 2088 
2456 3110 2088 
2457 3110 2088 
2458 3110 2088 
2459 3110 2088 
2460 3110 2088 
2461 3110 2088 
2462 3110 2088 
2463 3110 2088 
2464 3110 2088 
2465 3110 2088 
2466 3110 2088 
2467 3110 2088 
2468 3110 2088 
2469 3110 2088 
2470 3110 2088 
2471 3110 2088 
2472 3110 2088 
2473 3110 2088 
2474 3110 2088 
2475 3110 2088 
2476 3110 2088 
2477 3110 2088 
2478 3110 2088 
2479 3110 2088 
2480 3110 2088 
2481 3110 2088 
2482 3110 2088 
2483 3110 2088 
2484 3110 2088 
2485 3110 2088 
2486 3110 2088 
2487 3110 2088 
2488 3110 2088 
2489 3110 2088 
2490 3110 2088 
2491 3110 2088 
2492 3110 2088 
2493 3110 2088 
2494 3110 2088 
2495 3110 2088 
2496 3110 2088 
2497 3110 2088 
2498 3110 2088 
2499 3110 2088 
2500 3110 2088 
2501 3110 2088 
2502 3110 2088 
2503 3110 2088 
2504 3110 2088 
2505 3110 2088 
2506 3110 2088 
2507 3110 2088 
2508 3110 2088 
2509 3110 2088 
2510 3110 2088 
2511 3110 2088 
2512 3110 2088 
2513 3110 2088 
2514 3110 2088 
2515 3110 2088 
2516 3110 2088 
2517 3110 2088 
2518 3110 2088 
2519 3110 2088 
2520 3110 2088 
2521 3110 2088 
2522 3110 2088 
2523 3110 2088 
2524 3110 2088 
2525 3110 2088 
2526 3110 2088 
2527 3110 2088 
2528 3110 2088 
2529 3110 2088 
2530 3110 2088 
2531 3110 2088 
2532 3110 2088 
2533 3110 2088 
2534 3110 2088 
2535 3110 2088 
2536 3110 2088 
2537 3110 2088 
2538 3110 2088 
2539 3110 2088 
2540 3110 2088 
2541 3110 2088 
2542 3110 2088 
2543 3110 2088 
2544 3110 2088 
2545 3110 2088 
2546 3110 2088 
2547 3110 2088 
2548 3110 2088 
2549 3110 2088 
2550 3110 2088 
2551 3110 2088 
2552 3110 2088 
2553 3110 2088 
2554 3110 2088 
2555 3110 2088 
2556 3110 2088 
2557 3110 2088 
2558 3110 2088 
2559 3110 2088 
2560 3110 2088 
2561 3110 2088 
2562 3110 2088 
2563 3110 2088 
2564 3110 2088 
2565 3110 2088 
2566 3110 2088 
2567 3110 2088 
2568 3110 2088 
2569 3110 2088 
2570 3110 2088 
2571 3110 2088 
2572 3110 2088 
2573 3110 2088 
2574 3110 2088 
2575 3110 2088 
2576 3110 2088 
2577 3110 2088 
2578 3110 2088 
2579 3110 2088 
2580 3110 2088 
2581 3110 2088 
2582 3110 2088 
2583 3110 2088 
2584 3110 2088 
2585 3110 2088 
2586 3110 2088 
2587 3110 2088 
2588 3110 2088 
2589 3110 2088 
2590 3110 2088 
2591 3110 2088 
2592 3110 2088 
2593 3110 2088 
2594 3110 2088 
2595 3110 2088 
2596 3110 2088 
2597 3110 2088 
2598 3110 2088 
2599 3110 2088 
2600 3110 2088 
2601 3110 2088 
2602 3110 2088 
2603 3110 2088 
2604 3110 2088 
2605 3110 2088 
2606 3110 2088 
2607 3110 2088 
2608 3110 2088 
2609 3110 2088 
2610 3110 2088 
2611 3110 2088 
2612 3110 2088 
2613 3110 2088 
2614 3110 2088 
2615 3110 2088 
2616 3110 2088 
2617 3110 2088 
2618 3110 2088 
2619 3110 2088 
2620 3110 2088 
2621 3110 2088 
2622 3110 2088 
2623 3110 2088 
2624 3110 2088 
2625 3110 2088 
2626 3110 2088 
2627 3110 2088 
2628 3110 2088 
2629 3110 2088 
2630 3110 2088 
2631 3110 2088 
2632 3110 2088 
2633 3110 2088 
2634 3110 2088 
2635 3110 2088 
2636 3110 2088 
2637 3110 2088 
2638 3110 2088 
2639 3110 2088 
2640 3110 2088 
2641 3110 2088 
2642 3110 2088 
2643 3110 2088 
2644 3110 2088 
2645 3110 2088 
2646 3110 2088 
2647 3110 2088 
2648 3110 2088 
2649 3110 2088 
2650 3110 2088 
2651 3110 2088 
2652 3110 2088 
2653 3110 2088 
2654 3110 2088 
2655 3110 2088 
2656 3110 2088 
2657 3110 2088 
2658 3110 2088 
2659 3110 2088 
2660 3110 2088 
2661 3110 2088 
2662 3110 2088 
2663 3110 2088 
2664 3110 2088 
2665 3110 2088 
2666 3110 2088 
2667 3110 2088 
2668 3110 2088 
2669 3110 2088 
2670 3110 2088 
2671 3110 2088 
2672 3110 2088 
2673 3110 2088 
2674 3110 2088 
2675 3110 2088 
2676 3110 2088 
2677 3110 2088 
2678 3110 2088 
2679 3110 2088 
2680 3110 2088 
2681 3110 2088 
2682 3110 2088 
2683 3110 2088 
2684 3110 2088 
2685 3110 2088 
2686 3110 2088 
2687 3110 2088 
2688 3110 2088 
2689 3110 2088 
2690 3110 2088 
2691 3110 2088 
2692 3110 2088 
2693 3110 2088 
2694 3110 2088 
2695 3110 2088 
2696 3110 2088 
2697 3110 2088 
2698 3110 2088 
2699 3110 2088 
2700 3110 2088 
2701 3110 2088 
2702 3110 2088 
2703 3110 2088 
2704 3110 2088 
2705 3110 2088 
2706 3110 2088 
2707 3110 2088 
2708 3110 2088 
2709 3110 2088 
2710 3110 2088 
2711 3110 2088 
2712 3110 2088 
2713 3110 2088 
2714 3110 2088 
2715 3110 2088 
2716 3110 2088 
2717 3110 2088 
2718 3110 2088 
2719 3110 2088 
2720 3110 2088 
2721 3110 2088 
2722 3110 2088 
2723 3110 2088 
2724 3110 2088 
2725 3110 2088 
2726 3110 2088 
2727 3110 2088 
2728 3110 2088 
2729 3110 2088 
2730 3110 2088 
2731 3110 2088 
2732 3110 2088 
2733 3110 2088 
2734 3110 2088 
2735 3110 2088 
2736 3110 2088 
2737 3110 2088 
2738 3110 2088 
2739 3110 2088 
2740 3110 2088 
2741 3110 2088 
2742 3110 2088 
2743 3110 2088 
2744 3110 2088 
2745 3110 2088 
2746 3110 2088 
2747 3110 2088 
2748 3110 2088 
2749 3110 2088 
2750 3110 2088 
2751 3110 2088 
2752 3110 2088 
2753 3110 2088 
2754 3110 2088 
2755 3110 2088 
2756 3110 2088 
2757 3110 2088 
2758 3110 2088 
2759 3110 2088 
2760 3110 2088 
2761 3110 2088 
2762 3110 2088 
2763 3110 2088 
2764 3110 2088 
2765 3110 2088 
2766 3110 2088 
2767 3110 2088 
2768 3110 2088 
2769 3110 2088 
2770 3110 2088 
2771 3110 2088 
2772 3110 2088 
2773 3110 2088 
2774 3110 2088 
2775 3110 2088 
2776 3110 2088 
2777 3110 2088 
2778 3110 2088 
2779 3110 2088 
2780 3110 2088 
2781 3110 2088 
2782 3110 2088 
2783 3110 2088 
2784 3110 2088 
2785 3110 2088 
2786 3110 2088 
2787 3110 2088 
2788 3110 2088 
2789 3110 2088 
2790 3110 2088 
2791 3110 2088 
2792 3110 2088 
2793 3110 2088 
2794 3110 2088 
2795 3110 2088 
2796 3110 2088 
2797 3110 2088 
2798 3110 2088 
2799 3110 2088 
2800 3110 2088 
2801 3110 2088 
2802 3110 2088 
2803 3110 2088 
2804 3110 2088 
2805 3110 2088 
2806 3110 2088 
2807 3110 2088 
2808 3110 2088 
2809 3110 2088 
2810 3110 2088 
2811 3110 2088 
2812 3110 2088 
2813 3110 2088 
2814 3110 2088 
2815 3110 2088 
2816 3110 2088 
2817 3110 2088 
2818 3110 2088 
2819 3110 2088 
2820 3110 2088 
2821 3110 2088 
2822 3110 2088 
2823 3110 2088 
2824 3110 2088 
2825 3110 2088 
2826 3110 2088 
2827 3110 2088 
2828 3110 2088 
2829 3110 2088 
2830 3110 2088 
2831 3110 2088 
2832 3110 2088 
2833 3110 2088 
2834 3110 2088 
2835 3110 2088 
2836 3110 2088 
2837 3110 2088 
2838 3110 2088 
2839 3110 2088 
2840 3110 2088 
2841 3110 2088 
2842 3110 2088 
2843 3110 2088 
2844 3110 2088 
2845 3110 2088 
2846 3110 2088 
2847 3110 2088 
2848 3110 2088 
2849 3110 2088 
2850 3110 2088 
2851 3110 2088 
2852 3110 2088 
2853 3110 2088 
2854 3110 2088 
2855 3110 2088 
2856 3110 2088 
2857 3110 2088 
2858 3110 2088 
2859 3110 2088 
2860 3110 2088 
2861 3110 2088 
2862 3110 2088 
2863 3110 2088 
2864 3110 2088 
2865 3110 2088 
2866 3110 2088 
2867 3110 2088 
2868 3110 2088 
2869 3110 2088 
2870 3110 2088 
2871 3110 2088 
2872 3110 2088 
2873 3110 2088 
2874 3110 2088 
2875 3110 2088 
2876 3110 2088 
2877 3110 2088 
2878 3110 2088 
2879 3110 2088 
2880 3110 2088 
2881 3110 2088 
2882 3110 2088 
2883 3110 2088 
2884 3110 2088 
2885 3110 2088 
2886 3110 2088 
2887 3110 2088 
2888 3110 2088 
2889 3110 2088 
2890 3110 2088 
2891 3110 2088 
2892 3110 2088 
2893 3110 2088 
2894 3110 2088 
2895 3110 2088 
2896 3110 2088 
2897 3110 2088 
2898 3110 2088 
2899 3110 2088 
2900 3110 2088 
2901 3110 2088 
2902 3110 2088 
2903 3110 2088 
2904 3110 2088 
2905 3110 2088 
2906 3110 2088 
2907 3110 2088 
2908 3110 2088 
2909 3110 2088 
2910 3110 2088 
2911 3110 2088 
2912 3110 2088 
2913 3110 2088 
2914 3110 2088 
2915 3110 2088 
2916 3110 2088 
2917 3110 2088 
2918 3110 2088 
2919 3110 2088 
2920 3110 2088 
2921 3110 2088 
2922 3110 2088 
2923 3110 2088 
2924 3110 2088 
2925 3110 2088 
2926 3110 2088 
2927 3110 2088 
2928 3110 2088 
2929 3110 2088 
2930 3110 2088 
2931 3110 2088 
2932 3110 2088 
2933 3110 2088 
2934 3110 2088 
2935 3110 2088 
2936 3110 2088 
2937 3110 2088 
2938 3110 2088 
2939 3110 2088 
2940 3110 2088 
2941 3110 2088 
2942 3110 2088 
2943 3110 2088 
2944 3110 2088 
2945 3110 2088 
2946 3110 2088 
2947 3110 2088 
2948 3110 2088 
2949 3110 2088 
2950 3110 2088 
2951 3110 2088 
2952 3110 2088 
2953 3110 2088 
2954 3110 2088 
2955 3110 2088 
2956 3110 2088 
2957 3110 2088 
2958 3110 2088 
2959 3110 2088 
2960 3110 2088 
2961 3110 2088 
2962 3110 2088 
2963 3110 2088 
2964 3110 2088 
2965 3110 2088 
2966 3110 2088 
2967 3110 2088 
2968 3110 2088 
2969 3110 2088 
2970 3110 2088 
2971 3110 2088 
2972 3110 2088 
2973 3110 2088 
2974 3110 2088 
2975 3110 2088 
2976 3110 2088 
2977 3110 2088 
2978 3110 2088 
2979 3110 2088 
2980 3110 2088 
2981 3110 2088 
2982 3110 2088 
2983 3110 2088 
2984 3110 2088 
2985 3110 2088 
2986 3110 2088 
2987 3110 2088 
2988 3110 2088 
2989 3110 2088 
2990 3110 2088 
2991 3110 2088 
2992 3110 2088 
2993 3110 2088 
2994 3110 2088 
2995 3110 2088 
2996 3110 2088 
2997 3110 2088 
2998 3110 2088 
2999 3110 2088 
3000 3110 2088 
3001 3110 2088 
3002 3110 2088 
3003 3110 2088 
3004 3110 2088 
3005 3110 2088 
3006 3110 2088 
3007 3110 2088 
3008 3110 2088 
3009 3110 2088 
3010 3110 2088 
3011 3110 2088 
3012 3110 2088 
3013 3110 2088 
3014 3110 2088 
3015 3110 2088 
3016 3110 2088 
3017 3110 2088 
3018 3110 2088 
3019 3110 2088 
3020 3110 2088 
3021 3110 2088 
3022 3110 2088 
3023 3110 2088 
3024 3110 2088 
3025 3110 2088 
3026 3110 2088 
3027 3110 2088 
3028 3110 2088 
3029 3110 2088 
3030 3110 2088 
3031 3110 2088 
3032 3110 2088 
3033 3110 2088 
3034 3110 2088 
3035 3110 2088 
3036 3110 2088 
3037 3110 2088 
3038 3110 2088 
3039 3110 2088 
3040 3110 2088 
3041 3110 2088 
3042 3110 2088 
3043 3110 2088 
3044 3110 2088 
3045 3110 2088 
3046 3110 2088 
3047 3110 2088 
3048 3110 2088 
3049 3110 2088 
3050 3110 2088 
3051 3110 2088 
3052 3110 2088 
3053 3110 2088 
3054 3110 2088 
3055 3110 2088 
3056 3110 2088 
3057 3110 2088 
3058 3110 2088 
3059 3110 2088 
3060 3110 2088 
3061 3110 2088 
3062 3110 2088 
3063 3110 2088 
3064 3110 2088 
3065 3110 2088 
3066 3110 2088 
3067 3110 2088 
3068 3110 2088 
3069 3110 2088 
3070 3110 2088 
3071 3110 2088 
3072 3110 2088 
3073 3110 2088 
3074 3110 2088 
3075 3110 2088 
3076 3110 2088 
3077 3110 2088 
3078 3110 2088 
3079 3110 2088 
3080 3110 2088 
3081 3110 2088 
3082 3110 2088 
3083 3110 2088 
3084 3110 2088 
3085 3110 2088 
3086 3110 2088 
3087 3110 2088 
3088 3110 2088 
3089 3110 2088 
3090 3110 2088 
3091 3110 2088 
3092 3110 2088 
3093 3110 2088 
3094 3110 2088 
3095 3110 2088 
3096 3110 2088 
3097 3110 2088 
3098 3110 2088 
3099 3110 2088 
3100 3110 2088 
3101 3110 2088 
3102 3110 2088 
3103 3110 2088 
3104 3110 2088 
3105 3110 2088 
3106 3110 2088 
3107 3110 2088 
3108 3110 2088 
3109 3110 2088 
3110 3111 16720 
3110 3112 16720 
3110 3113 16720 
3110 3114 16720 
3110 3115 16720 
3110 3116 16720 
3110 3117 16720 
3110 3118 16720 
3110 3119 16720 
3110 3120 16720 
3110 3121 16720 
3110 3122 16720 
3110 3123 16720 
3110 3124 16720 
3110 3125 16720 
3110 3126 16720 
3110 3127 16720 
3110 3128 16720 
3110 3129 16720 
3110 3130 16720 
3110 3131 16720 
3110 3132 16720 
3110 3133 16720 
3110 3134 16720 
3110 3135 16720 
3110 3136 16720 
3110 3137 16720 
3110 3138 16720 
3110 3139 16720 
3110 3140 16720 
3110 3141 16720 
3110 3142 16720 
3110 3143 16720 
3110 3144 16720 
3110 3145 16720 
3110 3146 16720 
3110 3147 16720 
3110 3148 16720 
3110 3149 16720 
3110 3150 16720 
3110 3151 16720 
3110 3152 16720 
3110 3153 16720 
3110 3154 16720 
3110 3155 16720 
3110 3156 16720 
3110 3157 16720 
3110 3158 16720 
3110 3159 16720 
3110 3160 16720 
3110 3161 16720 
3110 3162 16720 
3110 3163 16720 
3110 3164 16720 
3110 3165 16720 
3110 3166 16720 
3110 3167 16720 
3110 3168 16720 
3110 3169 16720 
3110 3170 16720 
3110 3171 16720 
3110 3172 16720 
3110 3173 16720 
3110 3174 16720 
3110 3175 16720 
3110 3176 16720 
3110 3177 16720 
3110 3178 16720 
3110 3179 16720 
3110 3180 16720 
3110 3181 16720 
3110 3182 16720 
3110 3183 16720 
3110 3184 16720 
3110 3185 16720 
3110 3186 16720 
3110 3187 16720 
3110 3188 16720 
3110 3189 16720 
3110 3190 16720 
3110 3191 16720 
3110 3192 16720 
3110 3193 16720 
3110 3194 16720 
3110 3195 16720 
3110 3196 16720 
3110 3197 16720 
3110 3198 16720 
3110 3199 16720 
3110 3200 16720 
3110 3201 16720 
3110 3202 16720 
3110 3203 16720 
3110 3204 16720 
3110 3205 16720 
3110 3206 16720 
3110 3207 16720 
3110 3208 16720 
3110 3209 16720 
3110 3210 16720 
3110 3211 16720 
3110 3212 16720 
3110 3213 16720 
3110 3214 16720 
3110 3215 16720 
3110 3216 16720 
3110 3217 16720 
3110 3218 16720 
3110 3219 16720 
3110 3220 16720 
3110 3221 16720 
3110 3222 16720 
3110 3223 16720 
3110 3224 16720 
3110 3225 16720 
3110 3226 16720 
3110 3227 16720 
3110 3228 16720 
3110 3229 16720 
3110 3230 16720 
3110 3231 16720 
3110 3232 16720 
3110 3233 16720 
3110 3234 16720 
3110 3235 16720 
3110 3236 16720 
3110 3237 16720 
3110 3238 16720 
3110 3239 16720 
3110 3240 16720 
3110 3241 16720 
3110 3242 16720 
3110 3243 16720 
3110 3244 16720 
3110 3245 16720 
3110 3246 16720 
3110 3247 16720 
3110 3248 16720 
3110 3249 16720 
3110 3250 16720 
3110 3251 16720 
3110 3252 16720 
3110 3253 16720 
3110 3254 16720 
3110 3255 16720 
3110 3256 16720 
3110 3257 16720 
3110 3258 16720 
3110 3259 16720 
3110 3260 16720 
3110 3261 16720 
3110 3262 16720 
3110 3263 16720 
3110 3264 16720 
3110 3265 16720 
3110 3266 16720 
3110 3267 16720 
3110 3268 16720 
3110 3269 16720 
3110 3270 16720 
3110 3271 16720 
3110 3272 16720 
3110 3273 16720 
3110 3274 16720 
3110 3275 16720 
3110 3276 16720 
3110 3277 16720 
3110 3278 16720 
3110 3279 16720 
3110 3280 16720 
3110 3281 16720 
3110 3282 16720 
3110 3283 16720 
3110 3284 16720 
3110 3285 16720 
3110 3286 16720 
3110 3287 16720 
3110 3288 16720 
3110 3289 16720 
3110 3290 16720 
3110 3291 16720 
3110 3292 16720 
3110 3293 16720 
3110 3294 16720 
3110 3295 16720 
3110 3296 16720 
3110 3297 16720 
3110 3298 16720 
3110 3299 16720 
3110 3300 16720 
3110 3301 16720 
3110 3302 16720 
3110 3303 16720 
3110 3304 16720 
3110 3305 16720 
3110 3306 16720 
3110 3307 16720 
3110 3308 16720 
3110 3309 16720 
3110 3310 16720 
3110 3311 16720 
3110 3312 16720 
3110 3313 16720 
3110 3314 16720 
3110 3315 16720 
3110 3316 16720 
3110 3317 16720 
3110 3318 16720 
3110 3319 16720 
3110 3320 16720 
3110 3321 16720 
3110 3322 16720 
3110 3323 16720 
3110 3324 16720 
3110 3325 16720 
3110 3326 16720 
3110 3327 16720 
3110 3328 16720 
3110 3329 16720 
3110 3330 16720 
3110 3331 16720 
3110 3332 16720 
3110 3333 16720 
3110 3334 16720 
3110 3335 16720 
3110 3336 16720 
3110 3337 16720 
3110 3338 16720 
3110 3339 16720 
3110 3340 16720 
3110 3341 16720 
3110 3342 16720 
3110 3343 16720 
3110 3344 16720 
3110 3345 16720 
3110 3346 16720 
3110 3347 16720 
3110 3348 16720 
3110 3349 16720 
3110 3350 16720 
3110 3351 16720 
3110 3352 16720 
3110 3353 16720 
3110 3354 16720 
3110 3355 16720 
3110 3356 16720 
3110 3357 16720 
3110 3358 16720 
3110 3359 16720 
3110 3360 16720 
3110 3361 16720 
3110 3362 16720 
3110 3363 16720 
3110 3364 16720 
3110 3365 16720 
3110 3366 16720 
3110 3367 16720 
3110 3368 16720 
3110 3369 16720 
3110 3370 16720 
3110 3371 16720 
3110 3372 16720 
3110 3373 16720 
3110 3374 16720 
3110 3375 16720 
3110 3376 16720 
3110 3377 16720 
3110 3378 16720 
3110 3379 16720 
3110 3380 16720 
3110 3381 16720 
3110 3382 16720 
3110 3383 16720 
3110 3384 16720 
3110 3385 16720 
3110 3386 16720 
3110 3387 16720 
3110 3388 16720 
3110 3389 16720 
3110 3390 16720 
3110 3391 16720 
3110 3392 16720 
3110 3393 16720 
3110 3394 16720 
3110 3395 16720 
3110 3396 16720 
3110 3397 16720 
3110 3398 16720 
3110 3399 16720 
3110 3400 16720 
3110 3401 16720 
3110 3402 16720 
3110 3403 16720 
3110 3404 16720 
3110 3405 16720 
3110 3406 16720 
3110 3407 16720 
3110 3408 16720 
3110 3409 16720 
3110 3410 16720 
3110 3411 16720 
3110 3412 16720 
3110 3413 16720 
3110 3414 16720 
3110 3415 16720 
3110 3416 16720 
3110 3417 16720 
3110 3418 16720 
3110 3419 16720 
3110 3420 16720 
3110 3421 16720 
3110 3422 16720 
3110 3423 16720 
3110 3424 16720 
3110 3425 16720 
3110 3426 16720 
3110 3427 16720 
3110 3428 16720 
3110 3429 16720 
3110 3430 16720 
3110 3431 16720 
3110 3432 16720 
3110 3433 16720 
3110 3434 16720 
3110 3435 16720 
3110 3436 16720 
3110 3437 16720 
3110 3438 16720 
3110 3439 16720 
3110 3440 16720 
3110 3441 16720 
3110 3442 16720 
3110 3443 16720 
3110 3444 16720 
3110 3445 16720 
3110 3446 16720 
3110 3447 16720 
3110 3448 16720 
3110 3449 16720 
3110 3450 16720 
3110 3451 16720 
3110 3452 16720 
3110 3453 16720 
3110 3454 16720 
3110 3455 16720 
3110 3456 16720 
3110 3457 16720 
3110 3458 16720 
3110 3459 16720 
3110 3460 16720 
3110 3461 16720 
3110 3462 16720 
3110 3463 16720 
3110 3464 16720 
3110 3465 16720 
3110 3466 16720 
3110 3467 16720 
3110 3468 16720 
3110 3469 16720 
3110 3470 16720 
3110 3471 16720 
3110 3472 16720 
3110 3473 16720 
3110 3474 16720 
3110 3475 16720 
3110 3476 16720 
3110 3477 16720 
3110 3478 16720 
3110 3479 16720 
3110 3480 16720 
3110 3481 16720 
3110 3482 16720 
3110 3483 16720 
3110 3484 16720 
3110 3485 16720 
3110 3486 16720 
3110 3487 16720 
3110 3488 16720 
3110 3489 16720 
3110 3490 16720 
3110 3491 16720 
3110 3492 16720 
3110 3493 16720 
3110 3494 16720 
3110 3495 16720 
3110 3496 16720 
3110 3497 16720 
3110 3498 16720 
3110 3499 16720 
3110 3500 16720 
3110 3501 16720 
3110 3502 16720 
3110 3503 16720 
3110 3504 16720 
3110 3505 16720 
3110 3506 16720 
3110 3507 16720 
3110 3508 16720 
3110 3509 16720 
3110 3510 16720 
3110 3511 16720 
3110 3512 16720 
3110 3513 16720 
3110 3514 16720 
3110 3515 16720 
3110 3516 16720 
3110 3517 16720 
3110 3518 16720 
3110 3519 16720 
3110 3520 16720 
3110 3521 16720 
3110 3522 16720 
3110 3523 16720 
3110 3524 16720 
3110 3525 16720 
3110 3526 16720 
3110 3527 16720 
3110 3528 16720 
3110 3529 16720 
3110 3530 16720 
3110 3531 16720 
3110 3532 16720 
3110 3533 16720 
3110 3534 16720 
3110 3535 16720 
3110 3536 16720 
3110 3537 16720 
3110 3538 16720 
3110 3539 16720 
3110 3540 16720 
3110 3541 16720 
3110 3542 16720 
3110 3543 16720 
3110 3544 16720 
3110 3545 16720 
3110 3546 16720 
3110 3547 16720 
3110 3548 16720 
3110 3549 16720 
3110 3550 16720 
3110 3551 16720 
3110 3552 16720 
3110 3553 16720 
3110 3554 16720 
3110 3555 16720 
3110 3556 16720 
3110 3557 16720 
3110 3558 16720 
3110 3559 16720 
3110 3560 16720 
3110 3561 16720 
3110 3562 16720 
3110 3563 16720 
3110 3564 16720 
3110 3565 16720 
3110 3566 16720 
3110 3567 16720 
3110 3568 16720 
3110 3569 16720 
3110 3570 16720 
3110 3571 16720 
3110 3572 16720 
3110 3573 16720 
3110 3574 16720 
3110 3575 16720 
3110 3576 16720 
3110 3577 16720 
3110 3578 16720 
3110 3579 16720 
3110 3580 16720 
3110 3581 16720 
3110 3582 16720 
3110 3583 16720 
3110 3584 16720 
3110 3585 16720 
3110 3586 16720 
3110 3587 16720 
3110 3588 16720 
3110 3589 16720 
3110 3590 16720 
3110 3591 16720 
3110 3592 16720 
3110 3593 16720 
3110 3594 16720 
3110 3595 16720 
3110 3596 16720 
3110 3597 16720 
3110 3598 16720 
3110 3599 16720 
3110 3600 16720 
3110 3601 16720 
3110 3602 16720 
3110 3603 16720 
3110 3604 16720 
3110 3605 16720 
3110 3606 16720 
3110 3607 16720 
3110 3608 16720 
3110 3609 16720 
3110 3610 16720 
3110 3611 16720 
3110 3612 16720 
3110 3613 16720 
3110 3614 16720 
3110 3615 16720 
3110 3616 16720 
3110 3617 16720 
3110 3618 16720 
3110 3619 16720 
3110 3620 16720 
3110 3621 16720 
3110 3622 16720 
3110 3623 16720 
3110 3624 16720 
3110 3625 16720 
3110 3626 16720 
3110 3627 16720 
3110 3628 16720 
3110 3629 16720 
3110 3630 16720 
3110 3631 16720 
3110 3632 16720 
3110 3633 16720 
3110 3634 16720 
3110 3635 16720 
3110 3636 16720 
3110 3637 16720 
3110 3638 16720 
3110 3639 16720 
3110 3640 16720 
3110 3641 16720 
3110 3642 16720 
3110 3643 16720 
3110 3644 16720 
3110 3645 16720 
3110 3646 16720 
3110 3647 16720 
3110 3648 16720 
3110 3649 16720 
3110 3650 16720 
3110 3651 16720 
3110 3652 16720 
3110 3653 16720 
3110 3654 16720 
3110 3655 16720 
3110 3656 16720 
3110 3657 16720 
3110 3658 16720 
3110 3659 16720 
3110 3660 16720 
3110 3661 16720 
3110 3662 16720 
3110 3663 16720 
3110 3664 16720 
3110 3665 16720 
3110 3666 16720 
3110 3667 16720 
3110 3668 16720 
3110 3669 16720 
3110 3670 16720 
3110 3671 16720 
3110 3672 16720 
3110 3673 16720 
3110 3674 16720 
3110 3675 16720 
3110 3676 16720 
3110 3677 16720 
3110 3678 16720 
3110 3679 16720 
3110 3680 16720 
3110 3681 16720 
3110 3682 16720 
3110 3683 16720 
3110 3684 16720 
3110 3685 16720 
3110 3686 16720 
3110 3687 16720 
3110 3688 16720 
3110 3689 16720 
3110 3690 16720 
3110 3691 16720 
3110 3692 16720 
3110 3693 16720 
3110 3694 16720 
3110 3695 16720 
3110 3696 16720 
3110 3697 16720 
3110 3698 16720 
3110 3699 16720 
3110 3700 16720 
3110 3701 16720 
3110 3702 16720 
3110 3703 16720 
3110 3704 16720 
3110 3705 16720 
3110 3706 16720 
3110 3707 16720 
3110 3708 16720 
3110 3709 16720 
3110 3710 16720 
3110 3711 16720 
3110 3712 16720 
3110 3713 16720 
3110 3714 16720 
3110 3715 16720 
3110 3716 16720 
3110 3717 16720 
3110 3718 16720 
3110 3719 16720 
3110 3720 16720 
3110 3721 16720 
3110 3722 16720 
3110 3723 16720 
3110 3724 16720 
3110 3725 16720 
3110 3726 16720 
3110 3727 16720 
3110 3728 16720 
3110 3729 16720 
3110 3730 16720 
3110 3731 16720 
3110 3732 16720 
3110 3733 16720 
3110 3734 16720 
3110 3735 16720 
3110 3736 16720 
3110 3737 16720 
3110 3738 16720 
3110 3739 16720 
3110 3740 16720 
3110 3741 16720 
3110 3742 16720 
3110 3743 16720 
3110 3744 16720 
3110 3745 16720 
3110 3746 16720 
3110 3747 16720 
3110 3748 16720 
3110 3749 16720 
3110 3750 16720 
3110 3751 16720 
3110 3752 16720 
3110 3753 16720 
3110 3754 16720 
3110 3755 16720 
3110 3756 16720 
3110 3757 16720 
3110 3758 16720 
3110 3759 16720 
3110 3760 16720 
3110 3761 16720 
3110 3762 16720 
3110 3763 16720 
3110 3764 16720 
3110 3765 16720 
3110 3766 16720 
3110 3767 16720 
3110 3768 16720 
3110 3769 16720 
3110 3770 16720 
3110 3771 16720 
3110 3772 16720 
3110 3773 16720 
3110 3774 16720 
3110 3775 16720 
3110 3776 16720 
3110 3777 16720 
3110 3778 16720 
3110 3779 16720 
3110 3780 16720 
3110 3781 16720 
3110 3782 16720 
3110 3783 16720 
3110 3784 16720 
3110 3785 16720 
3110 3786 16720 
3110 3787 16720 
3110 3788 16720 
3110 3789 16720 
3110 3790 16720 
3110 3791 16720 
3110 3792 16720 
3110 3793 16720 
3110 3794 16720 
3110 3795 16720 
3110 3796 16720 
3110 3797 16720 
3110 3798 16720 
3110 3799 16720 
3110 3800 16720 
3110 3801 16720 
3110 3802 16720 
3110 3803 16720 
3110 3804 16720 
3110 3805 16720 
3110 3806 16720 
3110 3807 16720 
3110 3808 16720 
3110 3809 16720 
3110 3810 16720 
3110 3811 16720 
3110 3812 16720 
3110 3813 16720 
3110 3814 16720 
3110 3815 16720 
3110 3816 16720 
3110 3817 16720 
3110 3818 16720 
3110 3819 16720 
3110 3820 16720 
3110 3821 16720 
3110 3822 16720 
3110 3823 16720 
3110 3824 16720 
3110 3825 16720 
3110 3826 16720 
3110 3827 16720 
3110 3828 16720 
3110 3829 16720 
3110 3830 16720 
3110 3831 16720 
3110 3832 16720 
3110 3833 16720 
3110 3834 16720 
3110 3835 16720 
3110 3836 16720 
3110 3837 16720 
3110 3838 16720 
3110 3839 16720 
3110 3840 16720 
3110 3841 16720 
3110 3842 16720 
3110 3843 16720 
3110 3844 16720 
3110 3845 16720 
3110 3846 16720 
3110 3847 16720 
3110 3848 16720 
3110 3849 16720 
3110 3850 16720 
3110 3851 16720 
3110 3852 16720 
3110 3853 16720 
3110 3854 16720 
3110 3855 16720 
3110 3856 16720 
3110 3857 16720 
3110 3858 16720 
3110 3859 16720 
3110 3860 16720 
3110 3861 16720 
3110 3862 16720 
3110 3863 16720 
3110 3864 16720 
3110 3865 16720 
3110 3866 16720 
3110 3867 16720 
3110 3868 16720 
3110 3869 16720 
3110 3870 16720 
3110 3871 16720 
3110 3872 16720 
3110 3873 16720 
3110 3874 16720 
3110 3875 16720 
3110 3876 16720 
3110 3877 16720 
3110 3878 16720 
3110 3879 16720 
3110 3880 16720 
3110 3881 16720 
3110 3882 16720 
3110 3883 16720 
3110 3884 16720 
3110 3885 16720 
3110 3886 16720 
3110 3887 16720 
3110 3888 16720 
3110 3889 16720 
3110 3890 16720 
3110 3891 16720 
3110 3892 16720 
3110 3893 16720 
3110 3894 16720 
3110 3895 16720 
3110 3896 16720 
3110 3897 16720 
3110 3898 16720 
3110 3899 16720 
3110 3900 16720 
3110 3901 16720 
3110 3902 16720 
3110 3903 16720 
3110 3904 16720 
3110 3905 16720 
3110 3906 16720 
3110 3907 16720 
3110 3908 16720 
3110 3909 16720 
3110 3910 16720 
3110 3911 16720 
3110 3912 16720 
3110 3913 16720 
3110 3914 16720 
3110 3915 16720 
3110 3916 16720 
3110 3917 16720 
3110 3918 16720 
3110 3919 16720 
3110 3920 16720 
3110 3921 16720 
3110 3922 16720 
3110 3923 16720 
3110 3924 16720 
3110 3925 16720 
3110 3926 16720 
3110 3927 16720 
3110 3928 16720 
3110 3929 16720 
3110 3930 16720 
3110 3931 16720 
3110 3932 16720 
3110 3933 16720 
3110 3934 16720 
3110 3935 16720 
3110 3936 16720 
3110 3937 16720 
3110 3938 16720 
3110 3939 16720 
3110 3940 16720 
3110 3941 16720 
3110 3942 16720 
3110 3943 16720 
3110 3944 16720 
3110 3945 16720 
3110 3946 16720 
3110 3947 16720 
3110 3948 16720 
3110 3949 16720 
3110 3950 16720 
3110 3951 16720 
3110 3952 16720 
3110 3953 16720 
3110 3954 16720 
3110 3955 16720 
3110 3956 16720 
3110 3957 16720 
3110 3958 16720 
3110 3959 16720 
3110 3960 16720 
3110 3961 16720 
3110 3962 16720 
3110 3963 16720 
3110 3964 16720 
3110 3965 16720 
3110 3966 16720 
3110 3967 16720 
3110 3968 16720 
3110 3969 16720 
3110 3970 16720 
3110 3971 16720 
3110 3972 16720 
3110 3973 16720 
3110 3974 16720 
3110 3975 16720 
3110 3976 16720 
3110 3977 16720 
3110 3978 16720 
3110 3979 16720 
3110 3980 16720 
3110 3981 16720 
3110 3982 16720 
3110 3983 16720 
3110 3984 16720 
3110 3985 16720 
3110 3986 16720 
3110 3987 16720 
3110 3988 16720 
3110 3989 16720 
3110 3990 16720 
3110 3991 16720 
3110 3992 16720 
3110 3993 16720 
3110 3994 16720 
3110 3995 16720 
3110 3996 16720 
3110 3997 16720 
3110 3998 16720 
3110 3999 16720 
3110 4000 16720 
3110 4001 16720 
3110 4002 16720 
3110 4003 16720 
3110 4004 16720 
3110 4005 16720 
3110 4006 16720 
3110 4007 16720 
3110 4008 16720 
3110 4009 16720 
3110 4010 16720 
3110 4011 16720 
3110 4012 16720 
3110 4013 16720 
3110 4014 16720 
3110 4015 16720 
3110 4016 16720 
3110 4017 16720 
3110 4018 16720 
3110 4019 16720 
3110 4020 16720 
3110 4021 16720 
3110 4022 16720 
3110 4023 16720 
3110 4024 16720 
3110 4025 16720 
3110 4026 16720 
3110 4027 16720 
3110 4028 16720 
3110 4029 16720 
3110 4030 16720 
3110 4031 16720 
3110 4032 16720 
3110 4033 16720 
3110 4034 16720 
3110 4035 16720 
3110 4036 16720 
3110 4037 16720 
3110 4038 16720 
3110 4039 16720 
3110 4040 16720 
3110 4041 16720 
3110 4042 16720 
3110 4043 16720 
3110 4044 16720 
3110 4045 16720 
3110 4046 16720 
3110 4047 16720 
3110 4048 16720 
3110 4049 16720 
3110 4050 16720 
3110 4051 16720 
3110 4052 16720 
3110 4053 16720 
3110 4054 16720 
3110 4055 16720 
3110 4056 16720 
3110 4057 16720 
3110 4058 16720 
3110 4059 16720 
3110 4060 16720 
3110 4061 16720 
3110 4062 16720 
3110 4063 16720 
3110 4064 16720 
3110 4065 16720 
3110 4066 16720 
3110 4067 16720 
3110 4068 16720 
3110 4069 16720 
3110 4070 16720 
3110 4071 16720 
3110 4072 16720 
3110 4073 16720 
3110 4074 16720 
3110 4075 16720 
3110 4076 16720 
3110 4077 16720 
3110 4078 16720 
3110 4079 16720 
3110 4080 16720 
3110 4081 16720 
3110 4082 16720 
3110 4083 16720 
3110 4084 16720 
3110 4085 16720 
3110 4086 16720 
3110 4087 16720 
3110 4088 16720 
3110 4089 16720 
3110 4090 16720 
3110 4091 16720 
3110 4092 16720 
3110 4093 16720 
3110 4094 16720 
3110 4095 16720 
3110 4096 16720 
3110 4097 16720 
3110 4098 16720 
3110 4099 16720 
3110 4100 16720 
3110 4101 16720 
3110 4102 16720 
3110 4103 16720 
3110 4104 16720 
3110 4105 16720 
3110 4106 16720 
3110 4107 16720 
3110 4108 16720 
3110 4109 16720 
3110 4110 16720 
3110 4111 16720 
3110 4112 16720 
3110 4113 16720 
3110 4114 16720 
3110 4115 16720 
3110 4116 16720 
3110 4117 16720 
3110 4118 16720 
3110 4119 16720 
3110 4120 16720 
3110 4121 16720 
3110 4122 16720 
3110 4123 16720 
3110 4124 16720 
3110 4125 16720 
3110 4126 16720 
3110 4127 16720 
3110 4128 16720 
3110 4129 16720 
3110 4130 16720 
3110 4131 16720 
3110 4132 16720 
3110 4133 16720 
3110 4134 16720 
3110 4135 16720 
3110 4136 16720 
3110 4137 16720 
3110 4138 16720 
3110 4139 16720 
3110 4140 16720 
3110 4141 16720 
3110 4142 16720 
3110 4143 16720 
3110 4144 16720 
3110 4145 16720 
3110 4146 16720 
3110 4147 16720 
3110 4148 16720 
3110 4149 16720 
3110 4150 16720 
3110 4151 16720 
3110 4152 16720 
3110 4153 16720 
3110 4154 16720 
3110 4155 16720 
3110 4156 16720 
3110 4157 16720 
3110 4158 16720 
3110 4159 16720 
3110 4160 16720 
3110 4161 16720 
3110 4162 16720 
3110 4163 16720 
3110 4164 16720 
3110 4165 16720 
3110 4166 16720 
3110 4167 16720 
3110 4168 16720 
3110 4169 16720 
3110 4170 16720 
3110 4171 16720 
3110 4172 16720 
3110 4173 16720 
3110 4174 16720 
3110 4175 16720 
3110 4176 16720 
3110 4177 16720 
3110 4178 16720 
3110 4179 16720 
3110 4180 16720 
3110 4181 16720 
3110 4182 16720 
3110 4183 16720 
3110 4184 16720 
3110 4185 16720 
3110 4186 16720 
3110 4187 16720 
3110 4188 16720 
3110 4189 16720 
3110 4190 16720 
3110 4191 16720 
3110 4192 16720 
3110 4193 16720 
3110 4194 16720 
3110 4195 16720 
3110 4196 16720 
3110 4197 16720 
3110 4198 16720 
3110 4199 16720 
3110 4200 16720 
3110 4201 16720 
3110 4202 16720 
3110 4203 16720 
3110 4204 16720 
3110 4205 16720 
3110 4206 16720 
3110 4207 16720 
3110 4208 16720 
3110 4209 16720 
3110 4210 16720 
3110 4211 16720 
3110 4212 16720 
3110 4213 16720 
3110 4214 16720 
3110 4215 16720 
3110 4216 16720 
3110 4217 16720 
3110 4218 16720 
3110 4219 16720 
3110 4220 16720 
3110 4221 16720 
3110 4222 16720 
3110 4223 16720 
3110 4224 16720 
3110 4225 16720 
3110 4226 16720 
3110 4227 16720 
3110 4228 16720 
3110 4229 16720 
3110 4230 16720 
3110 4231 16720 
3110 4232 16720 
3110 4233 16720 
3110 4234 16720 
3110 4235 16720 
3110 4236 16720 
3110 4237 16720 
3110 4238 16720 
3110 4239 16720 
3110 4240 16720 
3110 4241 16720 
3110 4242 16720 
3110 4243 16720 
3110 4244 16720 
3110 4245 16720 
3110 4246 16720 
3110 4247 16720 
3110 4248 16720 
3110 4249 16720 
3110 4250 16720 
3110 4251 16720 
3110 4252 16720 
3110 4253 16720 
3110 4254 16720 
3110 4255 16720 
3110 4256 16720 
3110 4257 16720 
3110 4258 16720 
3110 4259 16720 
3110 4260 16720 
3110 4261 16720 
3110 4262 2088 
3111 4262 2088 
3112 4262 2088 
3113 4262 2088 
3114 4262 2088 
3115 4262 2088 
3116 4262 2088 
3117 4262 2088 
3118 4262 2088 
3119 4262 2088 
3120 4262 2088 
3121 4262 2088 
3122 4262 2088 
3123 4262 2088 
3124 4262 2088 
3125 4262 2088 
3126 4262 2088 
3127 4262 2088 
3128 4262 2088 
3129 4262 2088 
3130 4262 2088 
3131 4262 2088 
3132 4262 2088 
3133 4262 2088 
3134 4262 2088 
3135 4262 2088 
3136 4262 2088 
3137 4262 2088 
3138 4262 2088 
3139 4262 2088 
3140 4262 2088 
3141 4262 2088 
3142 4262 2088 
3143 4262 2088 
3144 4262 2088 
3145 4262 2088 
3146 4262 2088 
3147 4262 2088 
3148 4262 2088 
3149 4262 2088 
3150 4262 2088 
3151 4262 2088 
3152 4262 2088 
3153 4262 2088 
3154 4262 2088 
3155 4262 2088 
3156 4262 2088 
3157 4262 2088 
3158 4262 2088 
3159 4262 2088 
3160 4262 2088 
3161 4262 2088 
3162 4262 2088 
3163 4262 2088 
3164 4262 2088 
3165 4262 2088 
3166 4262 2088 
3167 4262 2088 
3168 4262 2088 
3169 4262 2088 
3170 4262 2088 
3171 4262 2088 
3172 4262 2088 
3173 4262 2088 
3174 4262 2088 
3175 4262 2088 
3176 4262 2088 
3177 4262 2088 
3178 4262 2088 
3179 4262 2088 
3180 4262 2088 
3181 4262 2088 
3182 4262 2088 
3183 4262 2088 
3184 4262 2088 
3185 4262 2088 
3186 4262 2088 
3187 4262 2088 
3188 4262 2088 
3189 4262 2088 
3190 4262 2088 
3191 4262 2088 
3192 4262 2088 
3193 4262 2088 
3194 4262 2088 
3195 4262 2088 
3196 4262 2088 
3197 4262 2088 
3198 4262 2088 
3199 4262 2088 
3200 4262 2088 
3201 4262 2088 
3202 4262 2088 
3203 4262 2088 
3204 4262 2088 
3205 4262 2088 
3206 4262 2088 
3207 4262 2088 
3208 4262 2088 
3209 4262 2088 
3210 4262 2088 
3211 4262 2088 
3212 4262 2088 
3213 4262 2088 
3214 4262 2088 
3215 4262 2088 
3216 4262 2088 
3217 4262 2088 
3218 4262 2088 
3219 4262 2088 
3220 4262 2088 
3221 4262 2088 
3222 4262 2088 
3223 4262 2088 
3224 4262 2088 
3225 4262 2088 
3226 4262 2088 
3227 4262 2088 
3228 4262 2088 
3229 4262 2088 
3230 4262 2088 
3231 4262 2088 
3232 4262 2088 
3233 4262 2088 
3234 4262 2088 
3235 4262 2088 
3236 4262 2088 
3237 4262 2088 
3238 4262 2088 
3239 4262 2088 
3240 4262 2088 
3241 4262 2088 
3242 4262 2088 
3243 4262 2088 
3244 4262 2088 
3245 4262 2088 
3246 4262 2088 
3247 4262 2088 
3248 4262 2088 
3249 4262 2088 
3250 4262 2088 
3251 4262 2088 
3252 4262 2088 
3253 4262 2088 
3254 4262 2088 
3255 4262 2088 
3256 4262 2088 
3257 4262 2088 
3258 4262 2088 
3259 4262 2088 
3260 4262 2088 
3261 4262 2088 
3262 4262 2088 
3263 4262 2088 
3264 4262 2088 
3265 4262 2088 
3266 4262 2088 
3267 4262 2088 
3268 4262 2088 
3269 4262 2088 
3270 4262 2088 
3271 4262 2088 
3272 4262 2088 
3273 4262 2088 
3274 4262 2088 
3275 4262 2088 
3276 4262 2088 
3277 4262 2088 
3278 4262 2088 
3279 4262 2088 
3280 4262 2088 
3281 4262 2088 
3282 4262 2088 
3283 4262 2088 
3284 4262 2088 
3285 4262 2088 
3286 4262 2088 
3287 4262 2088 
3288 4262 2088 
3289 4262 2088 
3290 4262 2088 
3291 4262 2088 
3292 4262 2088 
3293 4262 2088 
3294 4262 2088 
3295 4262 2088 
3296 4262 2088 
3297 4262 2088 
3298 4262 2088 
3299 4262 2088 
3300 4262 2088 
3301 4262 2088 
3302 4262 2088 
3303 4262 2088 
3304 4262 2088 
3305 4262 2088 
3306 4262 2088 
3307 4262 2088 
3308 4262 2088 
3309 4262 2088 
3310 4262 2088 
3311 4262 2088 
3312 4262 2088 
3313 4262 2088 
3314 4262 2088 
3315 4262 2088 
3316 4262 2088 
3317 4262 2088 
3318 4262 2088 
3319 4262 2088 
3320 4262 2088 
3321 4262 2088 
3322 4262 2088 
3323 4262 2088 
3324 4262 2088 
3325 4262 2088 
3326 4262 2088 
3327 4262 2088 
3328 4262 2088 
3329 4262 2088 
3330 4262 2088 
3331 4262 2088 
3332 4262 2088 
3333 4262 2088 
3334 4262 2088 
3335 4262 2088 
3336 4262 2088 
3337 4262 2088 
3338 4262 2088 
3339 4262 2088 
3340 4262 2088 
3341 4262 2088 
3342 4262 2088 
3343 4262 2088 
3344 4262 2088 
3345 4262 2088 
3346 4262 2088 
3347 4262 2088 
3348 4262 2088 
3349 4262 2088 
3350 4262 2088 
3351 4262 2088 
3352 4262 2088 
3353 4262 2088 
3354 4262 2088 
3355 4262 2088 
3356 4262 2088 
3357 4262 2088 
3358 4262 2088 
3359 4262 2088 
3360 4262 2088 
3361 4262 2088 
3362 4262 2088 
3363 4262 2088 
3364 4262 2088 
3365 4262 2088 
3366 4262 2088 
3367 4262 2088 
3368 4262 2088 
3369 4262 2088 
3370 4262 2088 
3371 4262 2088 
3372 4262 2088 
3373 4262 2088 
3374 4262 2088 
3375 4262 2088 
3376 4262 2088 
3377 4262 2088 
3378 4262 2088 
3379 4262 2088 
3380 4262 2088 
3381 4262 2088 
3382 4262 2088 
3383 4262 2088 
3384 4262 2088 
3385 4262 2088 
3386 4262 2088 
3387 4262 2088 
3388 4262 2088 
3389 4262 2088 
3390 4262 2088 
3391 4262 2088 
3392 4262 2088 
3393 4262 2088 
3394 4262 2088 
3395 4262 2088 
3396 4262 2088 
3397 4262 2088 
3398 4262 2088 
3399 4262 2088 
3400 4262 2088 
3401 4262 2088 
3402 4262 2088 
3403 4262 2088 
3404 4262 2088 
3405 4262 2088 
3406 4262 2088 
3407 4262 2088 
3408 4262 2088 
3409 4262 2088 
3410 4262 2088 
3411 4262 2088 
3412 4262 2088 
3413 4262 2088 
3414 4262 2088 
3415 4262 2088 
3416 4262 2088 
3417 4262 2088 
3418 4262 2088 
3419 4262 2088 
3420 4262 2088 
3421 4262 2088 
3422 4262 2088 
3423 4262 2088 
3424 4262 2088 
3425 4262 2088 
3426 4262 2088 
3427 4262 2088 
3428 4262 2088 
3429 4262 2088 
3430 4262 2088 
3431 4262 2088 
3432 4262 2088 
3433 4262 2088 
3434 4262 2088 
3435 4262 2088 
3436 4262 2088 
3437 4262 2088 
3438 4262 2088 
3439 4262 2088 
3440 4262 2088 
3441 4262 2088 
3442 4262 2088 
3443 4262 2088 
3444 4262 2088 
3445 4262 2088 
3446 4262 2088 
3447 4262 2088 
3448 4262 2088 
3449 4262 2088 
3450 4262 2088 
3451 4262 2088 
3452 4262 2088 
3453 4262 2088 
3454 4262 2088 
3455 4262 2088 
3456 4262 2088 
3457 4262 2088 
3458 4262 2088 
3459 4262 2088 
3460 4262 2088 
3461 4262 2088 
3462 4262 2088 
3463 4262 2088 
3464 4262 2088 
3465 4262 2088 
3466 4262 2088 
3467 4262 2088 
3468 4262 2088 
3469 4262 2088 
3470 4262 2088 
3471 4262 2088 
3472 4262 2088 
3473 4262 2088 
3474 4262 2088 
3475 4262 2088 
3476 4262 2088 
3477 4262 2088 
3478 4262 2088 
3479 4262 2088 
3480 4262 2088 
3481 4262 2088 
3482 4262 2088 
3483 4262 2088 
3484 4262 2088 
3485 4262 2088 
3486 4262 2088 
3487 4262 2088 
3488 4262 2088 
3489 4262 2088 
3490 4262 2088 
3491 4262 2088 
3492 4262 2088 
3493 4262 2088 
3494 4262 2088 
3495 4262 2088 
3496 4262 2088 
3497 4262 2088 
3498 4262 2088 
3499 4262 2088 
3500 4262 2088 
3501 4262 2088 
3502 4262 2088 
3503 4262 2088 
3504 4262 2088 
3505 4262 2088 
3506 4262 2088 
3507 4262 2088 
3508 4262 2088 
3509 4262 2088 
3510 4262 2088 
3511 4262 2088 
3512 4262 2088 
3513 4262 2088 
3514 4262 2088 
3515 4262 2088 
3516 4262 2088 
3517 4262 2088 
3518 4262 2088 
3519 4262 2088 
3520 4262 2088 
3521 4262 2088 
3522 4262 2088 
3523 4262 2088 
3524 4262 2088 
3525 4262 2088 
3526 4262 2088 
3527 4262 2088 
3528 4262 2088 
3529 4262 2088 
3530 4262 2088 
3531 4262 2088 
3532 4262 2088 
3533 4262 2088 
3534 4262 2088 
3535 4262 2088 
3536 4262 2088 
3537 4262 2088 
3538 4262 2088 
3539 4262 2088 
3540 4262 2088 
3541 4262 2088 
3542 4262 2088 
3543 4262 2088 
3544 4262 2088 
3545 4262 2088 
3546 4262 2088 
3547 4262 2088 
3548 4262 2088 
3549 4262 2088 
3550 4262 2088 
3551 4262 2088 
3552 4262 2088 
3553 4262 2088 
3554 4262 2088 
3555 4262 2088 
3556 4262 2088 
3557 4262 2088 
3558 4262 2088 
3559 4262 2088 
3560 4262 2088 
3561 4262 2088 
3562 4262 2088 
3563 4262 2088 
3564 4262 2088 
3565 4262 2088 
3566 4262 2088 
3567 4262 2088 
3568 4262 2088 
3569 4262 2088 
3570 4262 2088 
3571 4262 2088 
3572 4262 2088 
3573 4262 2088 
3574 4262 2088 
3575 4262 2088 
3576 4262 2088 
3577 4262 2088 
3578 4262 2088 
3579 4262 2088 
3580 4262 2088 
3581 4262 2088 
3582 4262 2088 
3583 4262 2088 
3584 4262 2088 
3585 4262 2088 
3586 4262 2088 
3587 4262 2088 
3588 4262 2088 
3589 4262 2088 
3590 4262 2088 
3591 4262 2088 
3592 4262 2088 
3593 4262 2088 
3594 4262 2088 
3595 4262 2088 
3596 4262 2088 
3597 4262 2088 
3598 4262 2088 
3599 4262 2088 
3600 4262 2088 
3601 4262 2088 
3602 4262 2088 
3603 4262 2088 
3604 4262 2088 
3605 4262 2088 
3606 4262 2088 
3607 4262 2088 
3608 4262 2088 
3609 4262 2088 
3610 4262 2088 
3611 4262 2088 
3612 4262 2088 
3613 4262 2088 
3614 4262 2088 
3615 4262 2088 
3616 4262 2088 
3617 4262 2088 
3618 4262 2088 
3619 4262 2088 
3620 4262 2088 
3621 4262 2088 
3622 4262 2088 
3623 4262 2088 
3624 4262 2088 
3625 4262 2088 
3626 4262 2088 
3627 4262 2088 
3628 4262 2088 
3629 4262 2088 
3630 4262 2088 
3631 4262 2088 
3632 4262 2088 
3633 4262 2088 
3634 4262 2088 
3635 4262 2088 
3636 4262 2088 
3637 4262 2088 
3638 4262 2088 
3639 4262 2088 
3640 4262 2088 
3641 4262 2088 
3642 4262 2088 
3643 4262 2088 
3644 4262 2088 
3645 4262 2088 
3646 4262 2088 
3647 4262 2088 
3648 4262 2088 
3649 4262 2088 
3650 4262 2088 
3651 4262 2088 
3652 4262 2088 
3653 4262 2088 
3654 4262 2088 
3655 4262 2088 
3656 4262 2088 
3657 4262 2088 
3658 4262 2088 
3659 4262 2088 
3660 4262 2088 
3661 4262 2088 
3662 4262 2088 
3663 4262 2088 
3664 4262 2088 
3665 4262 2088 
3666 4262 2088 
3667 4262 2088 
3668 4262 2088 
3669 4262 2088 
3670 4262 2088 
3671 4262 2088 
3672 4262 2088 
3673 4262 2088 
3674 4262 2088 
3675 4262 2088 
3676 4262 2088 
3677 4262 2088 
3678 4262 2088 
3679 4262 2088 
3680 4262 2088 
3681 4262 2088 
3682 4262 2088 
3683 4262 2088 
3684 4262 2088 
3685 4262 2088 
3686 4262 2088 
3687 4262 2088 
3688 4262 2088 
3689 4262 2088 
3690 4262 2088 
3691 4262 2088 
3692 4262 2088 
3693 4262 2088 
3694 4262 2088 
3695 4262 2088 
3696 4262 2088 
3697 4262 2088 
3698 4262 2088 
3699 4262 2088 
3700 4262 2088 
3701 4262 2088 
3702 4262 2088 
3703 4262 2088 
3704 4262 2088 
3705 4262 2088 
3706 4262 2088 
3707 4262 2088 
3708 4262 2088 
3709 4262 2088 
3710 4262 2088 
3711 4262 2088 
3712 4262 2088 
3713 4262 2088 
3714 4262 2088 
3715 4262 2088 
3716 4262 2088 
3717 4262 2088 
3718 4262 2088 
3719 4262 2088 
3720 4262 2088 
3721 4262 2088 
3722 4262 2088 
3723 4262 2088 
3724 4262 2088 
3725 4262 2088 
3726 4262 2088 
3727 4262 2088 
3728 4262 2088 
3729 4262 2088 
3730 4262 2088 
3731 4262 2088 
3732 4262 2088 
3733 4262 2088 
3734 4262 2088 
3735 4262 2088 
3736 4262 2088 
3737 4262 2088 
3738 4262 2088 
3739 4262 2088 
3740 4262 2088 
3741 4262 2088 
3742 4262 2088 
3743 4262 2088 
3744 4262 2088 
3745 4262 2088 
3746 4262 2088 
3747 4262 2088 
3748 4262 2088 
3749 4262 2088 
3750 4262 2088 
3751 4262 2088 
3752 4262 2088 
3753 4262 2088 
3754 4262 2088 
3755 4262 2088 
3756 4262 2088 
3757 4262 2088 
3758 4262 2088 
3759 4262 2088 
3760 4262 2088 
3761 4262 2088 
3762 4262 2088 
3763 4262 2088 
3764 4262 2088 
3765 4262 2088 
3766 4262 2088 
3767 4262 2088 
3768 4262 2088 
3769 4262 2088 
3770 4262 2088 
3771 4262 2088 
3772 4262 2088 
3773 4262 2088 
3774 4262 2088 
3775 4262 2088 
3776 4262 2088 
3777 4262 2088 
3778 4262 2088 
3779 4262 2088 
3780 4262 2088 
3781 4262 2088 
3782 4262 2088 
3783 4262 2088 
3784 4262 2088 
3785 4262 2088 
3786 4262 2088 
3787 4262 2088 
3788 4262 2088 
3789 4262 2088 
3790 4262 2088 
3791 4262 2088 
3792 4262 2088 
3793 4262 2088 
3794 4262 2088 
3795 4262 2088 
3796 4262 2088 
3797 4262 2088 
3798 4262 2088 
3799 4262 2088 
3800 4262 2088 
3801 4262 2088 
3802 4262 2088 
3803 4262 2088 
3804 4262 2088 
3805 4262 2088 
3806 4262 2088 
3807 4262 2088 
3808 4262 2088 
3809 4262 2088 
3810 4262 2088 
3811 4262 2088 
3812 4262 2088 
3813 4262 2088 
3814 4262 2088 
3815 4262 2088 
3816 4262 2088 
3817 4262 2088 
3818 4262 2088 
3819 4262 2088 
3820 4262 2088 
3821 4262 2088 
3822 4262 2088 
3823 4262 2088 
3824 4262 2088 
3825 4262 2088 
3826 4262 2088 
3827 4262 2088 
3828 4262 2088 
3829 4262 2088 
3830 4262 2088 
3831 4262 2088 
3832 4262 2088 
3833 4262 2088 
3834 4262 2088 
3835 4262 2088 
3836 4262 2088 
3837 4262 2088 
3838 4262 2088 
3839 4262 2088 
3840 4262 2088 
3841 4262 2088 
3842 4262 2088 
3843 4262 2088 
3844 4262 2088 
3845 4262 2088 
3846 4262 2088 
3847 4262 2088 
3848 4262 2088 
3849 4262 2088 
3850 4262 2088 
3851 4262 2088 
3852 4262 2088 
3853 4262 2088 
3854 4262 2088 
3855 4262 2088 
3856 4262 2088 
3857 4262 2088 
3858 4262 2088 
3859 4262 2088 
3860 4262 2088 
3861 4262 2088 
3862 4262 2088 
3863 4262 2088 
3864 4262 2088 
3865 4262 2088 
3866 4262 2088 
3867 4262 2088 
3868 4262 2088 
3869 4262 2088 
3870 4262 2088 
3871 4262 2088 
3872 4262 2088 
3873 4262 2088 
3874 4262 2088 
3875 4262 2088 
3876 4262 2088 
3877 4262 2088 
3878 4262 2088 
3879 4262 2088 
3880 4262 2088 
3881 4262 2088 
3882 4262 2088 
3883 4262 2088 
3884 4262 2088 
3885 4262 2088 
3886 4262 2088 
3887 4262 2088 
3888 4262 2088 
3889 4262 2088 
3890 4262 2088 
3891 4262 2088 
3892 4262 2088 
3893 4262 2088 
3894 4262 2088 
3895 4262 2088 
3896 4262 2088 
3897 4262 2088 
3898 4262 2088 
3899 4262 2088 
3900 4262 2088 
3901 4262 2088 
3902 4262 2088 
3903 4262 2088 
3904 4262 2088 
3905 4262 2088 
3906 4262 2088 
3907 4262 2088 
3908 4262 2088 
3909 4262 2088 
3910 4262 2088 
3911 4262 2088 
3912 4262 2088 
3913 4262 2088 
3914 4262 2088 
3915 4262 2088 
3916 4262 2088 
3917 4262 2088 
3918 4262 2088 
3919 4262 2088 
3920 4262 2088 
3921 4262 2088 
3922 4262 2088 
3923 4262 2088 
3924 4262 2088 
3925 4262 2088 
3926 4262 2088 
3927 4262 2088 
3928 4262 2088 
3929 4262 2088 
3930 4262 2088 
3931 4262 2088 
3932 4262 2088 
3933 4262 2088 
3934 4262 2088 
3935 4262 2088 
3936 4262 2088 
3937 4262 2088 
3938 4262 2088 
3939 4262 2088 
3940 4262 2088 
3941 4262 2088 
3942 4262 2088 
3943 4262 2088 
3944 4262 2088 
3945 4262 2088 
3946 4262 2088 
3947 4262 2088 
3948 4262 2088 
3949 4262 2088 
3950 4262 2088 
3951 4262 2088 
3952 4262 2088 
3953 4262 2088 
3954 4262 2088 
3955 4262 2088 
3956 4262 2088 
3957 4262 2088 
3958 4262 2088 
3959 4262 2088 
3960 4262 2088 
3961 4262 2088 
3962 4262 2088 
3963 4262 2088 
3964 4262 2088 
3965 4262 2088 
3966 4262 2088 
3967 4262 2088 
3968 4262 2088 
3969 4262 2088 
3970 4262 2088 
3971 4262 2088 
3972 4262 2088 
3973 4262 2088 
3974 4262 2088 
3975 4262 2088 
3976 4262 2088 
3977 4262 2088 
3978 4262 2088 
3979 4262 2088 
3980 4262 2088 
3981 4262 2088 
3982 4262 2088 
3983 4262 2088 
3984 4262 2088 
3985 4262 2088 
3986 4262 2088 
3987 4262 2088 
3988 4262 2088 
3989 4262 2088 
3990 4262 2088 
3991 4262 2088 
3992 4262 2088 
3993 4262 2088 
3994 4262 2088 
3995 4262 2088 
3996 4262 2088 
3997 4262 2088 
3998 4262 2088 
3999 4262 2088 
4000 4262 2088 
4001 4262 2088 
4002 4262 2088 
4003 4262 2088 
4004 4262 2088 
4005 4262 2088 
4006 4262 2088 
4007 4262 2088 
4008 4262 2088 
4009 4262 2088 
4010 4262 2088 
4011 4262 2088 
4012 4262 2088 
4013 4262 2088 
4014 4262 2088 
4015 4262 2088 
4016 4262 2088 
4017 4262 2088 
4018 4262 2088 
4019 4262 2088 
4020 4262 2088 
4021 4262 2088 
4022 4262 2088 
4023 4262 2088 
4024 4262 2088 
4025 4262 2088 
4026 4262 2088 
4027 4262 2088 
4028 4262 2088 
4029 4262 2088 
4030 4262 2088 
4031 4262 2088 
4032 4262 2088 
4033 4262 2088 
4034 4262 2088 
4035 4262 2088 
4036 4262 2088 
4037 4262 2088 
4038 4262 2088 
4039 4262 2088 
4040 4262 2088 
4041 4262 2088 
4042 4262 2088 
4043 4262 2088 
4044 4262 2088 
4045 4262 2088 
4046 4262 2088 
4047 4262 2088 
4048 4262 2088 
4049 4262 2088 
4050 4262 2088 
4051 4262 2088 
4052 4262 2088 
4053 4262 2088 
4054 4262 2088 
4055 4262 2088 
4056 4262 2088 
4057 4262 2088 
4058 4262 2088 
4059 4262 2088 
4060 4262 2088 
4061 4262 2088 
4062 4262 2088 
4063 4262 2088 
4064 4262 2088 
4065 4262 2088 
4066 4262 2088 
4067 4262 2088 
4068 4262 2088 
4069 4262 2088 
4070 4262 2088 
4071 4262 2088 
4072 4262 2088 
4073 4262 2088 
4074 4262 2088 
4075 4262 2088 
4076 4262 2088 
4077 4262 2088 
4078 4262 2088 
4079 4262 2088 
4080 4262 2088 
4081 4262 2088 
4082 4262 2088 
4083 4262 2088 
4084 4262 2088 
4085 4262 2088 
4086 4262 2088 
4087 4262 2088 
4088 4262 2088 
4089 4262 2088 
4090 4262 2088 
4091 4262 2088 
4092 4262 2088 
4093 4262 2088 
4094 4262 2088 
4095 4262 2088 
4096 4262 2088 
4097 4262 2088 
4098 4262 2088 
4099 4262 2088 
4100 4262 2088 
4101 4262 2088 
4102 4262 2088 
4103 4262 2088 
4104 4262 2088 
4105 4262 2088 
4106 4262 2088 
4107 4262 2088 
4108 4262 2088 
4109 4262 2088 
4110 4262 2088 
4111 4262 2088 
4112 4262 2088 
4113 4262 2088 
4114 4262 2088 
4115 4262 2088 
4116 4262 2088 
4117 4262 2088 
4118 4262 2088 
4119 4262 2088 
4120 4262 2088 
4121 4262 2088 
4122 4262 2088 
4123 4262 2088 
4124 4262 2088 
4125 4262 2088 
4126 4262 2088 
4127 4262 2088 
4128 4262 2088 
4129 4262 2088 
4130 4262 2088 
4131 4262 2088 
4132 4262 2088 
4133 4262 2088 
4134 4262 2088 
4135 4262 2088 
4136 4262 2088 
4137 4262 2088 
4138 4262 2088 
4139 4262 2088 
4140 4262 2088 
4141 4262 2088 
4142 4262 2088 
4143 4262 2088 
4144 4262 2088 
4145 4262 2088 
4146 4262 2088 
4147 4262 2088 
4148 4262 2088 
4149 4262 2088 
4150 4262 2088 
4151 4262 2088 
4152 4262 2088 
4153 4262 2088 
4154 4262 2088 
4155 4262 2088 
4156 4262 2088 
4157 4262 2088 
4158 4262 2088 
4159 4262 2088 
4160 4262 2088 
4161 4262 2088 
4162 4262 2088 
4163 4262 2088 
4164 4262 2088 
4165 4262 2088 
4166 4262 2088 
4167 4262 2088 
4168 4262 2088 
4169 4262 2088 
4170 4262 2088 
4171 4262 2088 
4172 4262 2088 
4173 4262 2088 
4174 4262 2088 
4175 4262 2088 
4176 4262 2088 
4177 4262 2088 
4178 4262 2088 
4179 4262 2088 
4180 4262 2088 
4181 4262 2088 
4182 4262 2088 
4183 4262 2088 
4184 4262 2088 
4185 4262 2088 
4186 4262 2088 
4187 4262 2088 
4188 4262 2088 
4189 4262 2088 
4190 4262 2088 
4191 4262 2088 
4192 4262 2088 
4193 4262 2088 
4194 4262 2088 
4195 4262 2088 
4196 4262 2088 
4197 4262 2088 
4198 4262 2088 
4199 4262 2088 
4200 4262 2088 
4201 4262 2088 
4202 4262 2088 
4203 4262 2088 
4204 4262 2088 
4205 4262 2088 
4206 4262 2088 
4207 4262 2088 
4208 4262 2088 
4209 4262 2088 
4210 4262 2088 
4211 4262 2088 
4212 4262 2088 
4213 4262 2088 
4214 4262 2088 
4215 4262 2088 
4216 4262 2088 
4217 4262 2088 
4218 4262 2088 
4219 4262 2088 
4220 4262 2088 
4221 4262 2088 
4222 4262 2088 
4223 4262 2088 
4224 4262 2088 
4225 4262 2088 
4226 4262 2088 
4227 4262 2088 
4228 4262 2088 
4229 4262 2088 
4230 4262 2088 
4231 4262 2088 
4232 4262 2088 
4233 4262 2088 
4234 4262 2088 
4235 4262 2088 
4236 4262 2088 
4237 4262 2088 
4238 4262 2088 
4239 4262 2088 
4240 4262 2088 
4241 4262 2088 
4242 4262 2088 
4243 4262 2088 
4244 4262 2088 
4245 4262 2088 
4246 4262 2088 
4247 4262 2088 
4248 4262 2088 
4249 4262 2088 
4250 4262 2088 
4251 4262 2088 
4252 4262 2088 
4253 4262 2088 
4254 4262 2088 
4255 4262 2088 
4256 4262 2088 
4257 4262 2088 
4258 4262 2088 
4259 4262 2088 
4260 4262 2088 
4261 4262 2088 
4262 4263 16720 
4262 4264 16720 
4262 4265 16720 
4262 4266 16720 
4262 4267 16720 
4262 4268 16720 
4262 4269 16720 
4262 4270 16720 
4262 4271 16720 
4262 4272 16720 
4262 4273 16720 
4262 4274 16720 
4262 4275 16720 
4262 4276 16720 
4262 4277 16720 
4262 4278 16720 
4262 4279 16720 
4262 4280 16720 
4262 4281 16720 
4262 4282 16720 
4262 4283 16720 
4262 4284 16720 
4262 4285 16720 
4262 4286 16720 
4262 4287 16720 
4262 4288 16720 
4262 4289 16720 
4262 4290 16720 
4262 4291 16720 
4262 4292 16720 
4262 4293 16720 
4262 4294 16720 
4262 4295 16720 
4262 4296 16720 
4262 4297 16720 
4262 4298 16720 
4262 4299 16720 
4262 4300 16720 
4262 4301 16720 
4262 4302 16720 
4262 4303 16720 
4262 4304 16720 
4262 4305 16720 
4262 4306 16720 
4262 4307 16720 
4262 4308 16720 
4262 4309 16720 
4262 4310 16720 
4262 4311 16720 
4262 4312 16720 
4262 4313 16720 
4262 4314 16720 
4262 4315 16720 
4262 4316 16720 
4262 4317 16720 
4262 4318 16720 
4262 4319 16720 
4262 4320 16720 
4262 4321 16720 
4262 4322 16720 
4262 4323 16720 
4262 4324 16720 
4262 4325 16720 
4262 4326 16720 
4262 4327 16720 
4262 4328 16720 
4262 4329 16720 
4262 4330 16720 
4262 4331 16720 
4262 4332 16720 
4262 4333 16720 
4262 4334 16720 
4262 4335 16720 
4262 4336 16720 
4262 4337 16720 
4262 4338 16720 
4262 4339 16720 
4262 4340 16720 
4262 4341 16720 
4262 4342 16720 
4262 4343 16720 
4262 4344 16720 
4262 4345 16720 
4262 4346 16720 
4262 4347 16720 
4262 4348 16720 
4262 4349 16720 
4262 4350 16720 
4262 4351 16720 
4262 4352 16720 
4262 4353 16720 
4262 4354 16720 
4262 4355 16720 
4262 4356 16720 
4262 4357 16720 
4262 4358 16720 
4262 4359 16720 
4262 4360 16720 
4262 4361 16720 
4262 4362 16720 
4262 4363 16720 
4262 4364 16720 
4262 4365 16720 
4262 4366 16720 
4262 4367 16720 
4262 4368 16720 
4262 4369 16720 
4262 4370 16720 
4262 4371 16720 
4262 4372 16720 
4262 4373 16720 
4262 4374 16720 
4262 4375 16720 
4262 4376 16720 
4262 4377 16720 
4262 4378 16720 
4262 4379 16720 
4262 4380 16720 
4262 4381 16720 
4262 4382 16720 
4262 4383 16720 
4262 4384 16720 
4262 4385 16720 
4262 4386 16720 
4262 4387 16720 
4262 4388 16720 
4262 4389 16720 
4262 4390 16720 
4262 4391 16720 
4262 4392 16720 
4262 4393 16720 
4262 4394 16720 
4262 4395 16720 
4262 4396 16720 
4262 4397 16720 
4262 4398 16720 
4262 4399 16720 
4262 4400 16720 
4262 4401 16720 
4262 4402 16720 
4262 4403 16720 
4262 4404 16720 
4262 4405 16720 
4262 4406 16720 
4262 4407 16720 
4262 4408 16720 
4262 4409 16720 
4262 4410 16720 
4262 4411 16720 
4262 4412 16720 
4262 4413 16720 
4262 4414 16720 
4262 4415 16720 
4262 4416 16720 
4262 4417 16720 
4262 4418 16720 
4262 4419 16720 
4262 4420 16720 
4262 4421 16720 
4262 4422 16720 
4262 4423 16720 
4262 4424 16720 
4262 4425 16720 
4262 4426 16720 
4262 4427 16720 
4262 4428 16720 
4262 4429 16720 
4262 4430 16720 
4262 4431 16720 
4262 4432 16720 
4262 4433 16720 
4262 4434 16720 
4262 4435 16720 
4262 4436 16720 
4262 4437 16720 
4262 4438 16720 
4262 4439 16720 
4262 4440 16720 
4262 4441 16720 
4262 4442 16720 
4262 4443 16720 
4262 4444 16720 
4262 4445 16720 
4262 4446 16720 
4262 4447 16720 
4262 4448 16720 
4262 4449 16720 
4262 4450 16720 
4262 4451 16720 
4262 4452 16720 
4262 4453 16720 
4262 4454 16720 
4262 4455 16720 
4262 4456 16720 
4262 4457 16720 
4262 4458 16720 
4262 4459 16720 
4262 4460 16720 
4262 4461 16720 
4262 4462 16720 
4262 4463 16720 
4262 4464 16720 
4262 4465 16720 
4262 4466 16720 
4262 4467 16720 
4262 4468 16720 
4262 4469 16720 
4262 4470 16720 
4262 4471 16720 
4262 4472 16720 
4262 4473 16720 
4262 4474 16720 
4262 4475 16720 
4262 4476 16720 
4262 4477 16720 
4262 4478 16720 
4262 4479 16720 
4262 4480 16720 
4262 4481 16720 
4262 4482 16720 
4262 4483 16720 
4262 4484 16720 
4262 4485 16720 
4262 4486 16720 
4262 4487 16720 
4262 4488 16720 
4262 4489 16720 
4262 4490 16720 
4262 4491 16720 
4262 4492 16720 
4262 4493 16720 
4262 4494 16720 
4262 4495 16720 
4262 4496 16720 
4262 4497 16720 
4262 4498 16720 
4262 4499 16720 
4262 4500 16720 
4262 4501 16720 
4262 4502 16720 
4262 4503 16720 
4262 4504 16720 
4262 4505 16720 
4262 4506 16720 
4262 4507 16720 
4262 4508 16720 
4262 4509 16720 
4262 4510 16720 
4262 4511 16720 
4262 4512 16720 
4262 4513 16720 
4262 4514 16720 
4262 4515 16720 
4262 4516 16720 
4262 4517 16720 
4262 4518 16720 
4262 4519 16720 
4262 4520 16720 
4262 4521 16720 
4262 4522 16720 
4262 4523 16720 
4262 4524 16720 
4262 4525 16720 
4262 4526 16720 
4262 4527 16720 
4262 4528 16720 
4262 4529 16720 
4262 4530 16720 
4262 4531 16720 
4262 4532 16720 
4262 4533 16720 
4262 4534 16720 
4262 4535 16720 
4262 4536 16720 
4262 4537 16720 
4262 4538 16720 
4262 4539 16720 
4262 4540 16720 
4262 4541 16720 
4262 4542 16720 
4262 4543 16720 
4262 4544 16720 
4262 4545 16720 
4262 4546 16720 
4262 4547 16720 
4262 4548 16720 
4262 4549 16720 
4262 4550 16720 
4262 4551 16720 
4262 4552 16720 
4262 4553 16720 
4262 4554 16720 
4262 4555 16720 
4262 4556 16720 
4262 4557 16720 
4262 4558 16720 
4262 4559 16720 
4262 4560 16720 
4262 4561 16720 
4262 4562 16720 
4262 4563 16720 
4262 4564 16720 
4262 4565 16720 
4262 4566 16720 
4262 4567 16720 
4262 4568 16720 
4262 4569 16720 
4262 4570 16720 
4262 4571 16720 
4262 4572 16720 
4262 4573 16720 
4262 4574 16720 
4262 4575 16720 
4262 4576 16720 
4262 4577 16720 
4262 4578 16720 
4262 4579 16720 
4262 4580 16720 
4262 4581 16720 
4262 4582 16720 
4262 4583 16720 
4262 4584 16720 
4262 4585 16720 
4262 4586 16720 
4262 4587 16720 
4262 4588 16720 
4262 4589 16720 
4262 4590 16720 
4262 4591 16720 
4262 4592 16720 
4262 4593 16720 
4262 4594 16720 
4262 4595 16720 
4262 4596 16720 
4262 4597 16720 
4262 4598 16720 
4262 4599 16720 
4262 4600 16720 
4262 4601 16720 
4262 4602 16720 
4262 4603 16720 
4262 4604 16720 
4262 4605 16720 
4262 4606 16720 
4262 4607 16720 
4262 4608 16720 
4262 4609 16720 
4262 4610 16720 
4262 4611 16720 
4262 4612 16720 
4262 4613 16720 
4262 4614 16720 
4262 4615 16720 
4262 4616 16720 
4262 4617 16720 
4262 4618 16720 
4262 4619 16720 
4262 4620 16720 
4262 4621 16720 
4262 4622 16720 
4262 4623 16720 
4262 4624 16720 
4262 4625 16720 
4262 4626 16720 
4262 4627 16720 
4262 4628 16720 
4262 4629 16720 
4262 4630 16720 
4262 4631 16720 
4262 4632 16720 
4262 4633 16720 
4262 4634 16720 
4262 4635 16720 
4262 4636 16720 
4262 4637 16720 
4262 4638 16720 
4262 4639 16720 
4262 4640 16720 
4262 4641 16720 
4262 4642 16720 
4262 4643 16720 
4262 4644 16720 
4262 4645 16720 
4262 4646 16720 
4262 4647 16720 
4262 4648 16720 
4262 4649 16720 
4262 4650 16720 
4262 4651 16720 
4262 4652 16720 
4262 4653 16720 
4262 4654 16720 
4262 4655 16720 
4262 4656 16720 
4262 4657 16720 
4262 4658 16720 
4262 4659 16720 
4262 4660 16720 
4262 4661 16720 
4262 4662 16720 
4262 4663 16720 
4262 4664 16720 
4262 4665 16720 
4262 4666 16720 
4262 4667 16720 
4262 4668 16720 
4262 4669 16720 
4262 4670 16720 
4262 4671 16720 
4262 4672 16720 
4262 4673 16720 
4262 4674 16720 
4262 4675 16720 
4262 4676 16720 
4262 4677 16720 
4262 4678 16720 
4262 4679 16720 
4262 4680 16720 
4262 4681 16720 
4262 4682 16720 
4262 4683 16720 
4262 4684 16720 
4262 4685 16720 
4262 4686 16720 
4262 4687 16720 
4262 4688 16720 
4262 4689 16720 
4262 4690 16720 
4262 4691 16720 
4262 4692 16720 
4262 4693 16720 
4262 4694 16720 
4262 4695 16720 
4262 4696 16720 
4262 4697 16720 
4262 4698 16720 
4262 4699 16720 
4262 4700 16720 
4262 4701 16720 
4262 4702 16720 
4262 4703 16720 
4262 4704 16720 
4262 4705 16720 
4262 4706 16720 
4262 4707 16720 
4262 4708 16720 
4262 4709 16720 
4262 4710 16720 
4262 4711 16720 
4262 4712 16720 
4262 4713 16720 
4262 4714 16720 
4262 4715 16720 
4262 4716 16720 
4262 4717 16720 
4262 4718 16720 
4262 4719 16720 
4262 4720 16720 
4262 4721 16720 
4262 4722 16720 
4262 4723 16720 
4262 4724 16720 
4262 4725 16720 
4262 4726 16720 
4262 4727 16720 
4262 4728 16720 
4262 4729 16720 
4262 4730 16720 
4262 4731 16720 
4262 4732 16720 
4262 4733 16720 
4262 4734 16720 
4262 4735 16720 
4262 4736 16720 
4262 4737 16720 
4262 4738 16720 
4262 4739 16720 
4262 4740 16720 
4262 4741 16720 
4262 4742 16720 
4262 4743 16720 
4262 4744 16720 
4262 4745 16720 
4262 4746 16720 
4262 4747 16720 
4262 4748 16720 
4262 4749 16720 
4262 4750 16720 
4262 4751 16720 
4262 4752 16720 
4262 4753 16720 
4262 4754 16720 
4262 4755 16720 
4262 4756 16720 
4262 4757 16720 
4262 4758 16720 
4262 4759 16720 
4262 4760 16720 
4262 4761 16720 
4262 4762 16720 
4262 4763 16720 
4262 4764 16720 
4262 4765 16720 
4262 4766 16720 
4262 4767 16720 
4262 4768 16720 
4262 4769 16720 
4262 4770 16720 
4262 4771 16720 
4262 4772 16720 
4262 4773 16720 
4262 4774 16720 
4262 4775 16720 
4262 4776 16720 
4262 4777 16720 
4262 4778 16720 
4262 4779 16720 
4262 4780 16720 
4262 4781 16720 
4262 4782 16720 
4262 4783 16720 
4262 4784 16720 
4262 4785 16720 
4262 4786 16720 
4262 4787 16720 
4262 4788 16720 
4262 4789 16720 
4262 4790 16720 
4262 4791 16720 
4262 4792 16720 
4262 4793 16720 
4262 4794 16720 
4262 4795 16720 
4262 4796 16720 
4262 4797 16720 
4262 4798 16720 
4262 4799 16720 
4262 4800 16720 
4262 4801 16720 
4262 4802 16720 
4262 4803 16720 
4262 4804 16720 
4262 4805 16720 
4262 4806 16720 
4262 4807 16720 
4262 4808 16720 
4262 4809 16720 
4262 4810 16720 
4262 4811 16720 
4262 4812 16720 
4262 4813 16720 
4262 4814 16720 
4262 4815 16720 
4262 4816 16720 
4262 4817 16720 
4262 4818 16720 
4262 4819 16720 
4262 4820 16720 
4262 4821 16720 
4262 4822 16720 
4262 4823 16720 
4262 4824 16720 
4262 4825 16720 
4262 4826 16720 
4262 4827 16720 
4262 4828 16720 
4262 4829 16720 
4262 4830 16720 
4262 4831 16720 
4262 4832 16720 
4262 4833 16720 
4262 4834 16720 
4262 4835 16720 
4262 4836 16720 
4262 4837 16720 
4262 4838 16720 
4262 4839 16720 
4262 4840 16720 
4262 4841 16720 
4262 4842 16720 
4262 4843 16720 
4262 4844 16720 
4262 4845 16720 
4262 4846 16720 
4262 4847 16720 
4262 4848 16720 
4262 4849 16720 
4262 4850 16720 
4262 4851 16720 
4262 4852 16720 
4262 4853 16720 
4262 4854 16720 
4262 4855 16720 
4262 4856 16720 
4262 4857 16720 
4262 4858 16720 
4262 4859 16720 
4262 4860 16720 
4262 4861 16720 
4262 4862 16720 
4262 4863 16720 
4262 4864 16720 
4262 4865 16720 
4262 4866 16720 
4262 4867 16720 
4262 4868 16720 
4262 4869 16720 
4262 4870 16720 
4262 4871 16720 
4262 4872 16720 
4262 4873 16720 
4262 4874 16720 
4262 4875 16720 
4262 4876 16720 
4262 4877 16720 
4262 4878 16720 
4262 4879 16720 
4262 4880 16720 
4262 4881 16720 
4262 4882 16720 
4262 4883 16720 
4262 4884 16720 
4262 4885 16720 
4262 4886 16720 
4262 4887 16720 
4262 4888 16720 
4262 4889 16720 
4262 4890 16720 
4262 4891 16720 
4262 4892 16720 
4262 4893 16720 
4262 4894 16720 
4262 4895 16720 
4262 4896 16720 
4262 4897 16720 
4262 4898 16720 
4262 4899 16720 
4262 4900 16720 
4262 4901 16720 
4262 4902 16720 
4262 4903 16720 
4262 4904 16720 
4262 4905 16720 
4262 4906 16720 
4262 4907 16720 
4262 4908 16720 
4262 4909 16720 
4262 4910 16720 
4262 4911 16720 
4262 4912 16720 
4262 4913 16720 
4262 4914 16720 
4262 4915 16720 
4262 4916 16720 
4262 4917 16720 
4262 4918 16720 
4262 4919 16720 
4262 4920 16720 
4262 4921 16720 
4262 4922 16720 
4262 4923 16720 
4262 4924 16720 
4262 4925 16720 
4262 4926 16720 
4262 4927 16720 
4262 4928 16720 
4262 4929 16720 
4262 4930 16720 
4262 4931 16720 
4262 4932 16720 
4262 4933 16720 
4262 4934 16720 
4262 4935 16720 
4262 4936 16720 
4262 4937 16720 
4262 4938 16720 
4262 4939 16720 
4262 4940 16720 
4262 4941 16720 
4262 4942 16720 
4262 4943 16720 
4262 4944 16720 
4262 4945 16720 
4262 4946 16720 
4262 4947 16720 
4262 4948 16720 
4262 4949 16720 
4262 4950 16720 
4262 4951 16720 
4262 4952 16720 
4262 4953 16720 
4262 4954 16720 
4262 4955 16720 
4262 4956 16720 
4262 4957 16720 
4262 4958 16720 
4262 4959 16720 
4262 4960 16720 
4262 4961 16720 
4262 4962 16720 
4262 4963 16720 
4262 4964 16720 
4262 4965 16720 
4262 4966 16720 
4262 4967 16720 
4262 4968 16720 
4262 4969 16720 
4262 4970 16720 
4262 4971 16720 
4262 4972 16720 
4262 4973 16720 
4262 4974 16720 
4262 4975 16720 
4262 4976 16720 
4262 4977 16720 
4262 4978 16720 
4262 4979 16720 
4262 4980 16720 
4262 4981 16720 
4262 4982 16720 
4262 4983 16720 
4262 4984 16720 
4262 4985 16720 
4262 4986 16720 
4262 4987 16720 
4262 4988 16720 
4262 4989 16720 
4262 4990 16720 
4262 4991 16720 
4262 4992 16720 
4262 4993 16720 
4262 4994 16720 
4262 4995 16720 
4262 4996 16720 
4262 4997 16720 
4262 4998 16720 
4262 4999 16720 
4262 5000 16720 
4262 5001 16720 
4262 5002 16720 
4262 5003 16720 
4262 5004 16720 
4262 5005 16720 
4262 5006 16720 
4262 5007 16720 
4262 5008 16720 
4262 5009 16720 
4262 5010 16720 
4262 5011 16720 
4262 5012 16720 
4262 5013 16720 
4262 5014 16720 
4262 5015 16720 
4262 5016 16720 
4262 5017 16720 
4262 5018 16720 
4262 5019 16720 
4262 5020 16720 
4262 5021 16720 
4262 5022 16720 
4262 5023 16720 
4262 5024 16720 
4262 5025 16720 
4262 5026 16720 
4262 5027 16720 
4262 5028 16720 
4262 5029 16720 
4262 5030 16720 
4262 5031 16720 
4262 5032 16720 
4262 5033 16720 
4262 5034 16720 
4262 5035 16720 
4262 5036 16720 
4262 5037 16720 
4262 5038 16720 
4262 5039 16720 
4262 5040 16720 
4262 5041 16720 
4262 5042 16720 
4262 5043 16720 
4262 5044 16720 
4262 5045 16720 
4262 5046 16720 
4262 5047 16720 
4262 5048 16720 
4262 5049 16720 
4262 5050 16720 
4262 5051 16720 
4262 5052 16720 
4262 5053 16720 
4262 5054 16720 
4262 5055 16720 
4262 5056 16720 
4262 5057 16720 
4262 5058 16720 
4262 5059 16720 
4262 5060 16720 
4262 5061 16720 
4262 5062 16720 
4262 5063 16720 
4262 5064 16720 
4262 5065 16720 
4262 5066 16720 
4262 5067 16720 
4262 5068 16720 
4262 5069 16720 
4262 5070 16720 
4262 5071 16720 
4262 5072 16720 
4262 5073 16720 
4262 5074 16720 
4262 5075 16720 
4262 5076 16720 
4262 5077 16720 
4262 5078 16720 
4262 5079 16720 
4262 5080 16720 
4262 5081 16720 
4262 5082 16720 
4262 5083 16720 
4262 5084 16720 
4262 5085 16720 
4262 5086 16720 
4262 5087 16720 
4262 5088 16720 
4262 5089 16720 
4262 5090 16720 
4262 5091 16720 
4262 5092 16720 
4262 5093 16720 
4262 5094 16720 
4262 5095 16720 
4262 5096 16720 
4262 5097 16720 
4262 5098 16720 
4262 5099 16720 
4262 5100 16720 
4262 5101 16720 
4262 5102 16720 
4262 5103 16720 
4262 5104 16720 
4262 5105 16720 
4262 5106 16720 
4262 5107 16720 
4262 5108 16720 
4262 5109 16720 
4262 5110 16720 
4262 5111 16720 
4262 5112 16720 
4262 5113 16720 
4262 5114 16720 
4262 5115 16720 
4262 5116 16720 
4262 5117 16720 
4262 5118 16720 
4262 5119 16720 
4262 5120 16720 
4262 5121 16720 
4262 5122 16720 
4262 5123 16720 
4262 5124 16720 
4262 5125 16720 
4262 5126 16720 
4262 5127 16720 
4262 5128 16720 
4262 5129 16720 
4262 5130 16720 
4262 5131 16720 
4262 5132 16720 
4262 5133 16720 
4262 5134 16720 
4262 5135 16720 
4262 5136 16720 
4262 5137 16720 
4262 5138 16720 
4262 5139 16720 
4262 5140 16720 
4262 5141 16720 
4262 5142 16720 
4262 5143 16720 
4262 5144 16720 
4262 5145 16720 
4262 5146 16720 
4262 5147 16720 
4262 5148 16720 
4262 5149 16720 
4262 5150 16720 
4262 5151 16720 
4262 5152 16720 
4262 5153 16720 
4262 5154 16720 
4262 5155 16720 
4262 5156 16720 
4262 5157 16720 
4262 5158 16720 
4262 5159 16720 
4262 5160 16720 
4262 5161 16720 
4262 5162 16720 
4262 5163 16720 
4262 5164 16720 
4262 5165 16720 
4262 5166 16720 
4262 5167 16720 
4262 5168 16720 
4262 5169 16720 
4262 5170 16720 
4262 5171 16720 
4262 5172 16720 
4262 5173 16720 
4262 5174 16720 
4262 5175 16720 
4262 5176 16720 
4262 5177 16720 
4262 5178 16720 
4262 5179 16720 
4262 5180 16720 
4262 5181 16720 
4262 5182 16720 
4262 5183 16720 
4262 5184 16720 
4262 5185 16720 
4262 5186 16720 
4262 5187 16720 
4262 5188 16720 
4262 5189 16720 
4262 5190 16720 
4262 5191 16720 
4262 5192 16720 
4262 5193 16720 
4262 5194 16720 
4262 5195 16720 
4262 5196 16720 
4262 5197 16720 
4262 5198 16720 
4262 5199 16720 
4262 5200 16720 
4262 5201 16720 
4262 5202 16720 
4262 5203 16720 
4262 5204 16720 
4262 5205 16720 
4262 5206 16720 
4262 5207 16720 
4262 5208 16720 
4262 5209 16720 
4262 5210 16720 
4262 5211 16720 
4262 5212 16720 
4262 5213 16720 
4262 5214 16720 
4262 5215 16720 
4262 5216 16720 
4262 5217 16720 
4262 5218 16720 
4262 5219 16720 
4262 5220 16720 
4262 5221 16720 
4262 5222 16720 
4262 5223 16720 
4262 5224 16720 
4262 5225 16720 
4262 5226 16720 
4262 5227 16720 
4262 5228 16720 
4262 5229 16720 
4262 5230 16720 
4262 5231 16720 
4262 5232 16720 
4262 5233 16720 
4262 5234 16720 
4262 5235 16720 
4262 5236 16720 
4262 5237 16720 
4262 5238 16720 
4262 5239 16720 
4262 5240 16720 
4262 5241 16720 
4262 5242 16720 
4262 5243 16720 
4262 5244 16720 
4262 5245 16720 
4262 5246 16720 
4262 5247 16720 
4262 5248 16720 
4262 5249 16720 
4262 5250 16720 
4262 5251 16720 
4262 5252 16720 
4262 5253 16720 
4262 5254 16720 
4262 5255 16720 
4262 5256 16720 
4262 5257 16720 
4262 5258 16720 
4262 5259 16720 
4262 5260 16720 
4262 5261 16720 
4262 5262 16720 
4262 5263 16720 
4262 5264 16720 
4262 5265 16720 
4262 5266 16720 
4262 5267 16720 
4262 5268 16720 
4262 5269 16720 
4262 5270 16720 
4262 5271 16720 
4262 5272 16720 
4262 5273 16720 
4262 5274 16720 
4262 5275 16720 
4262 5276 16720 
4262 5277 16720 
4262 5278 16720 
4262 5279 16720 
4262 5280 16720 
4262 5281 16720 
4262 5282 16720 
4262 5283 16720 
4262 5284 16720 
4262 5285 16720 
4262 5286 16720 
4262 5287 16720 
4262 5288 16720 
4262 5289 16720 
4262 5290 16720 
4262 5291 16720 
4262 5292 16720 
4262 5293 16720 
4262 5294 16720 
4262 5295 16720 
4262 5296 16720 
4262 5297 16720 
4262 5298 16720 
4262 5299 16720 
4262 5300 16720 
4262 5301 16720 
4262 5302 16720 
4262 5303 16720 
4262 5304 16720 
4262 5305 16720 
4262 5306 16720 
4262 5307 16720 
4262 5308 16720 
4262 5309 16720 
4262 5310 16720 
4262 5311 16720 
4262 5312 16720 
4262 5313 16720 
4262 5314 16720 
4262 5315 16720 
4262 5316 16720 
4262 5317 16720 
4262 5318 16720 
4262 5319 16720 
4262 5320 16720 
4262 5321 16720 
4262 5322 16720 
4262 5323 16720 
4262 5324 16720 
4262 5325 16720 
4262 5326 16720 
4262 5327 16720 
4262 5328 16720 
4262 5329 16720 
4262 5330 16720 
4262 5331 16720 
4262 5332 16720 
4262 5333 16720 
4262 5334 16720 
4262 5335 16720 
4262 5336 16720 
4262 5337 16720 
4262 5338 16720 
4262 5339 16720 
4262 5340 16720 
4262 5341 16720 
4262 5342 16720 
4262 5343 16720 
4262 5344 16720 
4262 5345 16720 
4262 5346 16720 
4262 5347 16720 
4262 5348 16720 
4262 5349 16720 
4262 5350 16720 
4262 5351 16720 
4262 5352 16720 
4262 5353 16720 
4262 5354 16720 
4262 5355 16720 
4262 5356 16720 
4262 5357 16720 
4262 5358 16720 
4262 5359 16720 
4262 5360 16720 
4262 5361 16720 
4262 5362 16720 
4262 5363 16720 
4262 5364 16720 
4262 5365 16720 
4262 5366 16720 
4262 5367 16720 
4262 5368 16720 
4262 5369 16720 
4262 5370 16720 
4262 5371 16720 
4262 5372 16720 
4262 5373 16720 
4262 5374 16720 
4262 5375 16720 
4262 5376 16720 
4262 5377 16720 
4262 5378 16720 
4262 5379 16720 
4262 5380 16720 
4262 5381 16720 
4262 5382 16720 
4262 5383 16720 
4262 5384 16720 
4262 5385 16720 
4262 5386 16720 
4262 5387 16720 
4262 5388 16720 
4262 5389 16720 
4262 5390 16720 
4262 5391 16720 
4262 5392 16720 
4262 5393 16720 
4262 5394 16720 
4262 5395 16720 
4262 5396 16720 
4262 5397 16720 
4262 5398 16720 
4262 5399 16720 
4262 5400 16720 
4262 5401 16720 
4262 5402 16720 
4262 5403 16720 
4262 5404 16720 
4262 5405 16720 
4262 5406 16720 
4262 5407 16720 
4262 5408 16720 
4262 5409 16720 
4262 5410 16720 
4262 5411 16720 
4262 5412 16720 
4262 5413 16720 
4262 5414 40 
4263 5414 40 
4264 5414 40 
4265 5414 40 
4266 5414 40 
4267 5414 40 
4268 5414 40 
4269 5414 40 
4270 5414 40 
4271 5414 40 
4272 5414 40 
4273 5414 40 
4274 5414 40 
4275 5414 40 
4276 5414 40 
4277 5414 40 
4278 5414 40 
4279 5414 40 
4280 5414 40 
4281 5414 40 
4282 5414 40 
4283 5414 40 
4284 5414 40 
4285 5414 40 
4286 5414 40 
4287 5414 40 
4288 5414 40 
4289 5414 40 
4290 5414 40 
4291 5414 40 
4292 5414 40 
4293 5414 40 
4294 5414 40 
4295 5414 40 
4296 5414 40 
4297 5414 40 
4298 5414 40 
4299 5414 40 
4300 5414 40 
4301 5414 40 
4302 5414 40 
4303 5414 40 
4304 5414 40 
4305 5414 40 
4306 5414 40 
4307 5414 40 
4308 5414 40 
4309 5414 40 
4310 5414 40 
4311 5414 40 
4312 5414 40 
4313 5414 40 
4314 5414 40 
4315 5414 40 
4316 5414 40 
4317 5414 40 
4318 5414 40 
4319 5414 40 
4320 5414 40 
4321 5414 40 
4322 5414 40 
4323 5414 40 
4324 5414 40 
4325 5414 40 
4326 5414 40 
4327 5414 40 
4328 5414 40 
4329 5414 40 
4330 5414 40 
4331 5414 40 
4332 5414 40 
4333 5414 40 
4334 5414 40 
4335 5414 40 
4336 5414 40 
4337 5414 40 
4338 5414 40 
4339 5414 40 
4340 5414 40 
4341 5414 40 
4342 5414 40 
4343 5414 40 
4344 5414 40 
4345 5414 40 
4346 5414 40 
4347 5414 40 
4348 5414 40 
4349 5414 40 
4350 5414 40 
4351 5414 40 
4352 5414 40 
4353 5414 40 
4354 5414 40 
4355 5414 40 
4356 5414 40 
4357 5414 40 
4358 5414 40 
4359 5414 40 
4360 5414 40 
4361 5414 40 
4362 5414 40 
4363 5414 40 
4364 5414 40 
4365 5414 40 
4366 5414 40 
4367 5414 40 
4368 5414 40 
4369 5414 40 
4370 5414 40 
4371 5414 40 
4372 5414 40 
4373 5414 40 
4374 5414 40 
4375 5414 40 
4376 5414 40 
4377 5414 40 
4378 5414 40 
4379 5414 40 
4380 5414 40 
4381 5414 40 
4382 5414 40 
4383 5414 40 
4384 5414 40 
4385 5414 40 
4386 5414 40 
4387 5414 40 
4388 5414 40 
4389 5414 40 
4390 5414 40 
4391 5414 40 
4392 5414 40 
4393 5414 40 
4394 5414 40 
4395 5414 40 
4396 5414 40 
4397 5414 40 
4398 5414 40 
4399 5414 40 
4400 5414 40 
4401 5414 40 
4402 5414 40 
4403 5414 40 
4404 5414 40 
4405 5414 40 
4406 5414 40 
4407 5414 40 
4408 5414 40 
4409 5414 40 
4410 5414 40 
4411 5414 40 
4412 5414 40 
4413 5414 40 
4414 5414 40 
4415 5414 40 
4416 5414 40 
4417 5414 40 
4418 5414 40 
4419 5414 40 
4420 5414 40 
4421 5414 40 
4422 5414 40 
4423 5414 40 
4424 5414 40 
4425 5414 40 
4426 5414 40 
4427 5414 40 
4428 5414 40 
4429 5414 40 
4430 5414 40 
4431 5414 40 
4432 5414 40 
4433 5414 40 
4434 5414 40 
4435 5414 40 
4436 5414 40 
4437 5414 40 
4438 5414 40 
4439 5414 40 
4440 5414 40 
4441 5414 40 
4442 5414 40 
4443 5414 40 
4444 5414 40 
4445 5414 40 
4446 5414 40 
4447 5414 40 
4448 5414 40 
4449 5414 40 
4450 5414 40 
4451 5414 40 
4452 5414 40 
4453 5414 40 
4454 5414 40 
4455 5414 40 
4456 5414 40 
4457 5414 40 
4458 5414 40 
4459 5414 40 
4460 5414 40 
4461 5414 40 
4462 5414 40 
4463 5414 40 
4464 5414 40 
4465 5414 40 
4466 5414 40 
4467 5414 40 
4468 5414 40 
4469 5414 40 
4470 5414 40 
4471 5414 40 
4472 5414 40 
4473 5414 40 
4474 5414 40 
4475 5414 40 
4476 5414 40 
4477 5414 40 
4478 5414 40 
4479 5414 40 
4480 5414 40 
4481 5414 40 
4482 5414 40 
4483 5414 40 
4484 5414 40 
4485 5414 40 
4486 5414 40 
4487 5414 40 
4488 5414 40 
4489 5414 40 
4490 5414 40 
4491 5414 40 
4492 5414 40 
4493 5414 40 
4494 5414 40 
4495 5414 40 
4496 5414 40 
4497 5414 40 
4498 5414 40 
4499 5414 40 
4500 5414 40 
4501 5414 40 
4502 5414 40 
4503 5414 40 
4504 5414 40 
4505 5414 40 
4506 5414 40 
4507 5414 40 
4508 5414 40 
4509 5414 40 
4510 5414 40 
4511 5414 40 
4512 5414 40 
4513 5414 40 
4514 5414 40 
4515 5414 40 
4516 5414 40 
4517 5414 40 
4518 5414 40 
4519 5414 40 
4520 5414 40 
4521 5414 40 
4522 5414 40 
4523 5414 40 
4524 5414 40 
4525 5414 40 
4526 5414 40 
4527 5414 40 
4528 5414 40 
4529 5414 40 
4530 5414 40 
4531 5414 40 
4532 5414 40 
4533 5414 40 
4534 5414 40 
4535 5414 40 
4536 5414 40 
4537 5414 40 
4538 5414 40 
4539 5414 40 
4540 5414 40 
4541 5414 40 
4542 5414 40 
4543 5414 40 
4544 5414 40 
4545 5414 40 
4546 5414 40 
4547 5414 40 
4548 5414 40 
4549 5414 40 
4550 5414 40 
4551 5414 40 
4552 5414 40 
4553 5414 40 
4554 5414 40 
4555 5414 40 
4556 5414 40 
4557 5414 40 
4558 5414 40 
4559 5414 40 
4560 5414 40 
4561 5414 40 
4562 5414 40 
4563 5414 40 
4564 5414 40 
4565 5414 40 
4566 5414 40 
4567 5414 40 
4568 5414 40 
4569 5414 40 
4570 5414 40 
4571 5414 40 
4572 5414 40 
4573 5414 40 
4574 5414 40 
4575 5414 40 
4576 5414 40 
4577 5414 40 
4578 5414 40 
4579 5414 40 
4580 5414 40 
4581 5414 40 
4582 5414 40 
4583 5414 40 
4584 5414 40 
4585 5414 40 
4586 5414 40 
4587 5414 40 
4588 5414 40 
4589 5414 40 
4590 5414 40 
4591 5414 40 
4592 5414 40 
4593 5414 40 
4594 5414 40 
4595 5414 40 
4596 5414 40 
4597 5414 40 
4598 5414 40 
4599 5414 40 
4600 5414 40 
4601 5414 40 
4602 5414 40 
4603 5414 40 
4604 5414 40 
4605 5414 40 
4606 5414 40 
4607 5414 40 
4608 5414 40 
4609 5414 40 
4610 5414 40 
4611 5414 40 
4612 5414 40 
4613 5414 40 
4614 5414 40 
4615 5414 40 
4616 5414 40 
4617 5414 40 
4618 5414 40 
4619 5414 40 
4620 5414 40 
4621 5414 40 
4622 5414 40 
4623 5414 40 
4624 5414 40 
4625 5414 40 
4626 5414 40 
4627 5414 40 
4628 5414 40 
4629 5414 40 
4630 5414 40 
4631 5414 40 
4632 5414 40 
4633 5414 40 
4634 5414 40 
4635 5414 40 
4636 5414 40 
4637 5414 40 
4638 5414 40 
4639 5414 40 
4640 5414 40 
4641 5414 40 
4642 5414 40 
4643 5414 40 
4644 5414 40 
4645 5414 40 
4646 5414 40 
4647 5414 40 
4648 5414 40 
4649 5414 40 
4650 5414 40 
4651 5414 40 
4652 5414 40 
4653 5414 40 
4654 5414 40 
4655 5414 40 
4656 5414 40 
4657 5414 40 
4658 5414 40 
4659 5414 40 
4660 5414 40 
4661 5414 40 
4662 5414 40 
4663 5414 40 
4664 5414 40 
4665 5414 40 
4666 5414 40 
4667 5414 40 
4668 5414 40 
4669 5414 40 
4670 5414 40 
4671 5414 40 
4672 5414 40 
4673 5414 40 
4674 5414 40 
4675 5414 40 
4676 5414 40 
4677 5414 40 
4678 5414 40 
4679 5414 40 
4680 5414 40 
4681 5414 40 
4682 5414 40 
4683 5414 40 
4684 5414 40 
4685 5414 40 
4686 5414 40 
4687 5414 40 
4688 5414 40 
4689 5414 40 
4690 5414 40 
4691 5414 40 
4692 5414 40 
4693 5414 40 
4694 5414 40 
4695 5414 40 
4696 5414 40 
4697 5414 40 
4698 5414 40 
4699 5414 40 
4700 5414 40 
4701 5414 40 
4702 5414 40 
4703 5414 40 
4704 5414 40 
4705 5414 40 
4706 5414 40 
4707 5414 40 
4708 5414 40 
4709 5414 40 
4710 5414 40 
4711 5414 40 
4712 5414 40 
4713 5414 40 
4714 5414 40 
4715 5414 40 
4716 5414 40 
4717 5414 40 
4718 5414 40 
4719 5414 40 
4720 5414 40 
4721 5414 40 
4722 5414 40 
4723 5414 40 
4724 5414 40 
4725 5414 40 
4726 5414 40 
4727 5414 40 
4728 5414 40 
4729 5414 40 
4730 5414 40 
4731 5414 40 
4732 5414 40 
4733 5414 40 
4734 5414 40 
4735 5414 40 
4736 5414 40 
4737 5414 40 
4738 5414 40 
4739 5414 40 
4740 5414 40 
4741 5414 40 
4742 5414 40 
4743 5414 40 
4744 5414 40 
4745 5414 40 
4746 5414 40 
4747 5414 40 
4748 5414 40 
4749 5414 40 
4750 5414 40 
4751 5414 40 
4752 5414 40 
4753 5414 40 
4754 5414 40 
4755 5414 40 
4756 5414 40 
4757 5414 40 
4758 5414 40 
4759 5414 40 
4760 5414 40 
4761 5414 40 
4762 5414 40 
4763 5414 40 
4764 5414 40 
4765 5414 40 
4766 5414 40 
4767 5414 40 
4768 5414 40 
4769 5414 40 
4770 5414 40 
4771 5414 40 
4772 5414 40 
4773 5414 40 
4774 5414 40 
4775 5414 40 
4776 5414 40 
4777 5414 40 
4778 5414 40 
4779 5414 40 
4780 5414 40 
4781 5414 40 
4782 5414 40 
4783 5414 40 
4784 5414 40 
4785 5414 40 
4786 5414 40 
4787 5414 40 
4788 5414 40 
4789 5414 40 
4790 5414 40 
4791 5414 40 
4792 5414 40 
4793 5414 40 
4794 5414 40 
4795 5414 40 
4796 5414 40 
4797 5414 40 
4798 5414 40 
4799 5414 40 
4800 5414 40 
4801 5414 40 
4802 5414 40 
4803 5414 40 
4804 5414 40 
4805 5414 40 
4806 5414 40 
4807 5414 40 
4808 5414 40 
4809 5414 40 
4810 5414 40 
4811 5414 40 
4812 5414 40 
4813 5414 40 
4814 5414 40 
4815 5414 40 
4816 5414 40 
4817 5414 40 
4818 5414 40 
4819 5414 40 
4820 5414 40 
4821 5414 40 
4822 5414 40 
4823 5414 40 
4824 5414 40 
4825 5414 40 
4826 5414 40 
4827 5414 40 
4828 5414 40 
4829 5414 40 
4830 5414 40 
4831 5414 40 
4832 5414 40 
4833 5414 40 
4834 5414 40 
4835 5414 40 
4836 5414 40 
4837 5414 40 
4838 5414 40 
4839 5414 40 
4840 5414 40 
4841 5414 40 
4842 5414 40 
4843 5414 40 
4844 5414 40 
4845 5414 40 
4846 5414 40 
4847 5414 40 
4848 5414 40 
4849 5414 40 
4850 5414 40 
4851 5414 40 
4852 5414 40 
4853 5414 40 
4854 5414 40 
4855 5414 40 
4856 5414 40 
4857 5414 40 
4858 5414 40 
4859 5414 40 
4860 5414 40 
4861 5414 40 
4862 5414 40 
4863 5414 40 
4864 5414 40 
4865 5414 40 
4866 5414 40 
4867 5414 40 
4868 5414 40 
4869 5414 40 
4870 5414 40 
4871 5414 40 
4872 5414 40 
4873 5414 40 
4874 5414 40 
4875 5414 40 
4876 5414 40 
4877 5414 40 
4878 5414 40 
4879 5414 40 
4880 5414 40 
4881 5414 40 
4882 5414 40 
4883 5414 40 
4884 5414 40 
4885 5414 40 
4886 5414 40 
4887 5414 40 
4888 5414 40 
4889 5414 40 
4890 5414 40 
4891 5414 40 
4892 5414 40 
4893 5414 40 
4894 5414 40 
4895 5414 40 
4896 5414 40 
4897 5414 40 
4898 5414 40 
4899 5414 40 
4900 5414 40 
4901 5414 40 
4902 5414 40 
4903 5414 40 
4904 5414 40 
4905 5414 40 
4906 5414 40 
4907 5414 40 
4908 5414 40 
4909 5414 40 
4910 5414 40 
4911 5414 40 
4912 5414 40 
4913 5414 40 
4914 5414 40 
4915 5414 40 
4916 5414 40 
4917 5414 40 
4918 5414 40 
4919 5414 40 
4920 5414 40 
4921 5414 40 
4922 5414 40 
4923 5414 40 
4924 5414 40 
4925 5414 40 
4926 5414 40 
4927 5414 40 
4928 5414 40 
4929 5414 40 
4930 5414 40 
4931 5414 40 
4932 5414 40 
4933 5414 40 
4934 5414 40 
4935 5414 40 
4936 5414 40 
4937 5414 40 
4938 5414 40 
4939 5414 40 
4940 5414 40 
4941 5414 40 
4942 5414 40 
4943 5414 40 
4944 5414 40 
4945 5414 40 
4946 5414 40 
4947 5414 40 
4948 5414 40 
4949 5414 40 
4950 5414 40 
4951 5414 40 
4952 5414 40 
4953 5414 40 
4954 5414 40 
4955 5414 40 
4956 5414 40 
4957 5414 40 
4958 5414 40 
4959 5414 40 
4960 5414 40 
4961 5414 40 
4962 5414 40 
4963 5414 40 
4964 5414 40 
4965 5414 40 
4966 5414 40 
4967 5414 40 
4968 5414 40 
4969 5414 40 
4970 5414 40 
4971 5414 40 
4972 5414 40 
4973 5414 40 
4974 5414 40 
4975 5414 40 
4976 5414 40 
4977 5414 40 
4978 5414 40 
4979 5414 40 
4980 5414 40 
4981 5414 40 
4982 5414 40 
4983 5414 40 
4984 5414 40 
4985 5414 40 
4986 5414 40 
4987 5414 40 
4988 5414 40 
4989 5414 40 
4990 5414 40 
4991 5414 40 
4992 5414 40 
4993 5414 40 
4994 5414 40 
4995 5414 40 
4996 5414 40 
4997 5414 40 
4998 5414 40 
4999 5414 40 
5000 5414 40 
5001 5414 40 
5002 5414 40 
5003 5414 40 
5004 5414 40 
5005 5414 40 
5006 5414 40 
5007 5414 40 
5008 5414 40 
5009 5414 40 
5010 5414 40 
5011 5414 40 
5012 5414 40 
5013 5414 40 
5014 5414 40 
5015 5414 40 
5016 5414 40 
5017 5414 40 
5018 5414 40 
5019 5414 40 
5020 5414 40 
5021 5414 40 
5022 5414 40 
5023 5414 40 
5024 5414 40 
5025 5414 40 
5026 5414 40 
5027 5414 40 
5028 5414 40 
5029 5414 40 
5030 5414 40 
5031 5414 40 
5032 5414 40 
5033 5414 40 
5034 5414 40 
5035 5414 40 
5036 5414 40 
5037 5414 40 
5038 5414 40 
5039 5414 40 
5040 5414 40 
5041 5414 40 
5042 5414 40 
5043 5414 40 
5044 5414 40 
5045 5414 40 
5046 5414 40 
5047 5414 40 
5048 5414 40 
5049 5414 40 
5050 5414 40 
5051 5414 40 
5052 5414 40 
5053 5414 40 
5054 5414 40 
5055 5414 40 
5056 5414 40 
5057 5414 40 
5058 5414 40 
5059 5414 40 
5060 5414 40 
5061 5414 40 
5062 5414 40 
5063 5414 40 
5064 5414 40 
5065 5414 40 
5066 5414 40 
5067 5414 40 
5068 5414 40 
5069 5414 40 
5070 5414 40 
5071 5414 40 
5072 5414 40 
5073 5414 40 
5074 5414 40 
5075 5414 40 
5076 5414 40 
5077 5414 40 
5078 5414 40 
5079 5414 40 
5080 5414 40 
5081 5414 40 
5082 5414 40 
5083 5414 40 
5084 5414 40 
5085 5414 40 
5086 5414 40 
5087 5414 40 
5088 5414 40 
5089 5414 40 
5090 5414 40 
5091 5414 40 
5092 5414 40 
5093 5414 40 
5094 5414 40 
5095 5414 40 
5096 5414 40 
5097 5414 40 
5098 5414 40 
5099 5414 40 
5100 5414 40 
5101 5414 40 
5102 5414 40 
5103 5414 40 
5104 5414 40 
5105 5414 40 
5106 5414 40 
5107 5414 40 
5108 5414 40 
5109 5414 40 
5110 5414 40 
5111 5414 40 
5112 5414 40 
5113 5414 40 
5114 5414 40 
5115 5414 40 
5116 5414 40 
5117 5414 40 
5118 5414 40 
5119 5414 40 
5120 5414 40 
5121 5414 40 
5122 5414 40 
5123 5414 40 
5124 5414 40 
5125 5414 40 
5126 5414 40 
5127 5414 40 
5128 5414 40 
5129 5414 40 
5130 5414 40 
5131 5414 40 
5132 5414 40 
5133 5414 40 
5134 5414 40 
5135 5414 40 
5136 5414 40 
5137 5414 40 
5138 5414 40 
5139 5414 40 
5140 5414 40 
5141 5414 40 
5142 5414 40 
5143 5414 40 
5144 5414 40 
5145 5414 40 
5146 5414 40 
5147 5414 40 
5148 5414 40 
5149 5414 40 
5150 5414 40 
5151 5414 40 
5152 5414 40 
5153 5414 40 
5154 5414 40 
5155 5414 40 
5156 5414 40 
5157 5414 40 
5158 5414 40 
5159 5414 40 
5160 5414 40 
5161 5414 40 
5162 5414 40 
5163 5414 40 
5164 5414 40 
5165 5414 40 
5166 5414 40 
5167 5414 40 
5168 5414 40 
5169 5414 40 
5170 5414 40 
5171 5414 40 
5172 5414 40 
5173 5414 40 
5174 5414 40 
5175 5414 40 
5176 5414 40 
5177 5414 40 
5178 5414 40 
5179 5414 40 
5180 5414 40 
5181 5414 40 
5182 5414 40 
5183 5414 40 
5184 5414 40 
5185 5414 40 
5186 5414 40 
5187 5414 40 
5188 5414 40 
5189 5414 40 
5190 5414 40 
5191 5414 40 
5192 5414 40 
5193 5414 40 
5194 5414 40 
5195 5414 40 
5196 5414 40 
5197 5414 40 
5198 5414 40 
5199 5414 40 
5200 5414 40 
5201 5414 40 
5202 5414 40 
5203 5414 40 
5204 5414 40 
5205 5414 40 
5206 5414 40 
5207 5414 40 
5208 5414 40 
5209 5414 40 
5210 5414 40 
5211 5414 40 
5212 5414 40 
5213 5414 40 
5214 5414 40 
5215 5414 40 
5216 5414 40 
5217 5414 40 
5218 5414 40 
5219 5414 40 
5220 5414 40 
5221 5414 40 
5222 5414 40 
5223 5414 40 
5224 5414 40 
5225 5414 40 
5226 5414 40 
5227 5414 40 
5228 5414 40 
5229 5414 40 
5230 5414 40 
5231 5414 40 
5232 5414 40 
5233 5414 40 
5234 5414 40 
5235 5414 40 
5236 5414 40 
5237 5414 40 
5238 5414 40 
5239 5414 40 
5240 5414 40 
5241 5414 40 
5242 5414 40 
5243 5414 40 
5244 5414 40 
5245 5414 40 
5246 5414 40 
5247 5414 40 
5248 5414 40 
5249 5414 40 
5250 5414 40 
5251 5414 40 
5252 5414 40 
5253 5414 40 
5254 5414 40 
5255 5414 40 
5256 5414 40 
5257 5414 40 
5258 5414 40 
5259 5414 40 
5260 5414 40 
5261 5414 40 
5262 5414 40 
5263 5414 40 
5264 5414 40 
5265 5414 40 
5266 5414 40 
5267 5414 40 
5268 5414 40 
5269 5414 40 
5270 5414 40 
5271 5414 40 
5272 5414 40 
5273 5414 40 
5274 5414 40 
5275 5414 40 
5276 5414 40 
5277 5414 40 
5278 5414 40 
5279 5414 40 
5280 5414 40 
5281 5414 40 
5282 5414 40 
5283 5414 40 
5284 5414 40 
5285 5414 40 
5286 5414 40 
5287 5414 40 
5288 5414 40 
5289 5414 40 
5290 5414 40 
5291 5414 40 
5292 5414 40 
5293 5414 40 
5294 5414 40 
5295 5414 40 
5296 5414 40 
5297 5414 40 
5298 5414 40 
5299 5414 40 
5300 5414 40 
5301 5414 40 
5302 5414 40 
5303 5414 40 
5304 5414 40 
5305 5414 40 
5306 5414 40 
5307 5414 40 
5308 5414 40 
5309 5414 40 
5310 5414 40 
5311 5414 40 
5312 5414 40 
5313 5414 40 
5314 5414 40 
5315 5414 40 
5316 5414 40 
5317 5414 40 
5318 5414 40 
5319 5414 40 
5320 5414 40 
5321 5414 40 
5322 5414 40 
5323 5414 40 
5324 5414 40 
5325 5414 40 
5326 5414 40 
5327 5414 40 
5328 5414 40 
5329 5414 40 
5330 5414 40 
5331 5414 40 
5332 5414 40 
5333 5414 40 
5334 5414 40 
5335 5414 40 
5336 5414 40 
5337 5414 40 
5338 5414 40 
5339 5414 40 
5340 5414 40 
5341 5414 40 
5342 5414 40 
5343 5414 40 
5344 5414 40 
5345 5414 40 
5346 5414 40 
5347 5414 40 
5348 5414 40 
5349 5414 40 
5350 5414 40 
5351 5414 40 
5352 5414 40 
5353 5414 40 
5354 5414 40 
5355 5414 40 
5356 5414 40 
5357 5414 40 
5358 5414 40 
5359 5414 40 
5360 5414 40 
5361 5414 40 
5362 5414 40 
5363 5414 40 
5364 5414 40 
5365 5414 40 
5366 5414 40 
5367 5414 40 
5368 5414 40 
5369 5414 40 
5370 5414 40 
5371 5414 40 
5372 5414 40 
5373 5414 40 
5374 5414 40 
5375 5414 40 
5376 5414 40 
5377 5414 40 
5378 5414 40 
5379 5414 40 
5380 5414 40 
5381 5414 40 
5382 5414 40 
5383 5414 40 
5384 5414 40 
5385 5414 40 
5386 5414 40 
5387 5414 40 
5388 5414 40 
5389 5414 40 
5390 5414 40 
5391 5414 40 
5392 5414 40 
5393 5414 40 
5394 5414 40 
5395 5414 40 
5396 5414 40 
5397 5414 40 
5398 5414 40 
5399 5414 40 
5400 5414 40 
5401 5414 40 
5402 5414 40 
5403 5414 40 
5404 5414 40 
5405 5414 40 
5406 5414 40 
5407 5414 40 
5408 5414 40 
5409 5414 40 
5410 5414 40 
5411 5414 40 
5412 5414 40 
5413 5414 40 
5414 5415 512 
5414 5416 512 
5414 5417 512 
5414 5418 512 
5414 5419 512 
5414 5420 512 
5414 5421 512 
5414 5422 512 
5414 5423 512 
5414 5424 512 
5414 5425 512 
5414 5426 512 
5414 5427 512 
5414 5428 512 
5414 5429 512 
5414 5430 512 
5414 5431 512 
5414 5432 512 
5414 5433 512 
5414 5434 512 
5414 5435 512 
5414 5436 512 
5414 5437 512 
5414 5438 512 
5414 5439 512 
5414 5440 512 
5414 5441 512 
5414 5442 512 
5414 5443 512 
5414 5444 512 
5414 5445 512 
